Predictor,Target,Lag_Weeks,MCI_Correlation,p_value,FDR_adjusted_p
Akkermansia muciniphila,Akkermansia muciniphila,2,0.6347366142819866,3.09389320903994e-140,8.910412442035028e-138
fecalcal,fecalcal,2,0.6325173918939985,1.2119449108101441e-138,1.7452006715666075e-136
Paraprevotella xylaniphila,Paraprevotella xylaniphila,2,0.6130513220545696,1.1591109574735417e-128,1.1127465191746e-126
Alistipes finegoldii,Alistipes finegoldii,2,0.6062642080824343,6.359581819507136e-125,4.578898910045138e-123
Dialister invisus,Dialister invisus,2,0.6052021862649717,1.4135372154797524e-124,8.141974361163374e-123
Phascolarctobacterium faecium,Phascolarctobacterium faecium,2,0.6029575857268192,3.122892950691067e-123,1.4989886163317122e-121
Haemophilus parainfluenzae,Haemophilus parainfluenzae,2,0.5701329671745949,1.8173337735400917e-107,7.477030382564949e-106
Lawsonibacter asaccharolyticus,Lawsonibacter asaccharolyticus,2,0.5683457447816689,2.552233196503044e-106,9.188039507410959e-105
Escherichia coli,Escherichia coli,2,0.5668771338355381,7.875669317336645e-106,2.5202141815477263e-104
Roseburia faecis,Roseburia faecis,2,0.562531408824147,3.1353295906914964e-104,9.02974922119151e-103
Bifidobacterium longum,Bifidobacterium longum,2,0.5194333521253791,2.3949022545475684e-86,6.270289539179088e-85
Faecalibacterium prausnitzii,Faecalibacterium prausnitzii,2,0.40844794518225197,6.855751503972858e-51,1.645380360953486e-49
Faecalibacterium prausnitzii,fecalcal,2,-0.3150151610379798,8.29399924670481e-30,1.8374398331161428e-28
fecalcal,fecalcal,4,0.19083991242391812,1.4675786563209312e-11,3.0190189501459154e-10
Bifidobacterium longum,Bifidobacterium longum,4,0.1799838950013542,1.8806323303632821e-10,3.6108140742975015e-09
Alistipes finegoldii,fecalcal,2,-0.14430935152334434,3.6031393397387026e-07,6.485650811529665e-06
Faecalibacterium prausnitzii,fecalcal,4,0.14400990354430943,3.8530738704344495e-07,6.527560439324244e-06
Faecalibacterium prausnitzii,Faecalibacterium prausnitzii,4,0.1432652985090468,4.2878589539442947e-07,6.8605743263108715e-06
Faecalibacterium prausnitzii,Escherichia coli,2,-0.13425174678059615,2.194639003016289e-06,3.326610699308901e-05
Haemophilus parainfluenzae,fecalcal,2,0.1232093433004319,1.4343431108918774e-05,0.00020654540796843034
Faecalibacterium prausnitzii,Paraprevotella xylaniphila,2,0.11778333903852947,3.3324832544202084e-05,0.00045702627489191427
fecalcal,Alistipes finegoldii,2,-0.10954288366467646,0.00011610762776535461,0.0015199543998373694
Roseburia faecis,fecalcal,2,-0.1022109759065979,0.00032279431559633113,0.004041946212684494
Paraprevotella xylaniphila,Faecalibacterium prausnitzii,4,0.08584676012065576,0.0025327929582294323,0.030393515498753187
Haemophilus parainfluenzae,Phascolarctobacterium faecium,4,-0.08423894876287225,0.0030620396663509322,0.03527469695636274
Alistipes finegoldii,Bifidobacterium longum,2,-0.08357337125054765,0.0033038058484476515,0.036596003244343214
Alistipes finegoldii,Alistipes finegoldii,4,0.08184313625077028,0.004000849217278956,0.04267572498430886
Roseburia faecis,Bifidobacterium longum,2,-0.07949970466885574,0.005165081162722353,0.05312654910228706
Escherichia coli,Faecalibacterium prausnitzii,2,-0.07835756494660576,0.005866801590494568,0.05632129526874785
Bifidobacterium longum,Faecalibacterium prausnitzii,2,-0.07850612967976417,0.005793343586876875,0.05632129526874785
Faecalibacterium prausnitzii,Lawsonibacter asaccharolyticus,2,0.07755023793950147,0.006440896078758619,0.05983800228008007
Lawsonibacter asaccharolyticus,Akkermansia muciniphila,2,-0.07503554643707455,0.008419219007516734,0.07347682042923695
Faecalibacterium prausnitzii,Bifidobacterium longum,2,-0.07510232880119593,0.008308375391982472,0.07347682042923695
fecalcal,Paraprevotella xylaniphila,2,0.07455523670168597,0.008820598651489106,0.07471565916555478
Bifidobacterium longum,fecalcal,2,-0.07360933327348537,0.00975029838445477,0.08023102670637068
Alistipes finegoldii,Escherichia coli,2,-0.0730114160002941,0.010330876817706227,0.08041331144592956
Phascolarctobacterium faecium,Paraprevotella xylaniphila,4,-0.0731418910591961,0.010133640903737789,0.08041331144592956
fecalcal,Dialister invisus,4,0.07267029533429278,0.010694085577507782,0.08104991174532214
Roseburia faecis,fecalcal,4,0.07238678774217266,0.011004533735806394,0.08126424912595491
Lawsonibacter asaccharolyticus,Lawsonibacter asaccharolyticus,4,0.07120873818073396,0.012453141125584887,0.08966261610421118
Haemophilus parainfluenzae,fecalcal,4,-0.0676825591383022,0.0175032862388349,0.12294991309230369
Bifidobacterium longum,Paraprevotella xylaniphila,2,0.06528397774377515,0.021769185049027664,0.1492744117647611
Bifidobacterium longum,Akkermansia muciniphila,2,0.06396890563147212,0.02463072043109709,0.16496854614316192
Paraprevotella xylaniphila,Paraprevotella xylaniphila,4,0.06241513040772313,0.02815467847884021,0.1842851682251359
Alistipes finegoldii,Lawsonibacter asaccharolyticus,2,0.061390874192617795,0.03118875267032319,0.1952687123707191
Lawsonibacter asaccharolyticus,Paraprevotella xylaniphila,4,0.061451846915489494,0.030952946059326858,0.1952687123707191
Faecalibacterium prausnitzii,Phascolarctobacterium faecium,4,-0.06070191563193481,0.03299347865848476,0.20217280539667257
Roseburia faecis,Alistipes finegoldii,2,-0.060247966325572604,0.034255817581915385,0.2055349054914923
Paraprevotella xylaniphila,fecalcal,2,0.05930104495947755,0.037340347727162305,0.21946979888617843
Lawsonibacter asaccharolyticus,Alistipes finegoldii,2,0.058952972150675305,0.03855171326973592,0.22205786843367892
fecalcal,Alistipes finegoldii,4,0.058630750512396634,0.039627373865903766,0.22377811124275065
fecalcal,Paraprevotella xylaniphila,4,0.05754221477409316,0.043365996499953804,0.24018090369205183
Roseburia faecis,Lawsonibacter asaccharolyticus,2,0.056986210487588604,0.04543381082551445,0.24688561354241811
Faecalibacterium prausnitzii,Roseburia faecis,4,-0.056562485588630966,0.04688592648944384,0.25005827461036717
Faecalibacterium prausnitzii,Roseburia faecis,2,-0.05587611289140412,0.04962579077101975,0.259858686219158
Escherichia coli,Phascolarctobacterium faecium,4,-0.0552881508877667,0.052269289104573034,0.26881348682351847
Haemophilus parainfluenzae,Akkermansia muciniphila,2,0.054793894578255335,0.05431531160803294,0.27443525865111384
fecalcal,Lawsonibacter asaccharolyticus,2,-0.054563420860182996,0.05563653216939997,0.2762641597377102
Alistipes finegoldii,Lawsonibacter asaccharolyticus,4,0.05400227856723609,0.05810154187650277,0.2797779853520663
Dialister invisus,Dialister invisus,4,0.05385325170113443,0.05828708028168048,0.2797779853520663
Phascolarctobacterium faecium,Bifidobacterium longum,2,-0.053140006510524286,0.06202082756778954,0.29281964491021945
Phascolarctobacterium faecium,Akkermansia muciniphila,2,-0.05271039102871075,0.06416398893731588,0.298052077644306
Escherichia coli,Haemophilus parainfluenzae,4,0.04978750496434478,0.08041832223450557,0.3129794162640217
Bifidobacterium longum,Paraprevotella xylaniphila,4,0.05061473522452833,0.07539231697610715,0.3129794162640217
Dialister invisus,Phascolarctobacterium faecium,2,-0.05073824172744856,0.0745639218713209,0.3129794162640217
Alistipes finegoldii,Escherichia coli,4,0.049998882169563615,0.07926226309558294,0.3129794162640217
Dialister invisus,Faecalibacterium prausnitzii,2,0.05056318547471886,0.07569056432105509,0.3129794162640217
Alistipes finegoldii,Roseburia faecis,2,-0.04991607598854801,0.07951693134851832,0.3129794162640217
Paraprevotella xylaniphila,fecalcal,4,0.04998547724548955,0.07934288149909231,0.3129794162640217
Phascolarctobacterium faecium,Escherichia coli,2,-0.05027047229546046,0.07764317692340675,0.3129794162640217
Dialister invisus,Escherichia coli,2,0.05011615991804891,0.07831740925986971,0.3129794162640217
Faecalibacterium prausnitzii,Akkermansia muciniphila,4,-0.04997728259806608,0.07927020704810711,0.3129794162640217
Escherichia coli,Escherichia coli,4,0.05030586589528227,0.07743417353559358,0.3129794162640217
Paraprevotella xylaniphila,Alistipes finegoldii,2,0.05040342670643584,0.0766209813223549,0.3129794162640217
Dialister invisus,Paraprevotella xylaniphila,4,0.049048723948172966,0.08476408665294861,0.32549409274732266
Haemophilus parainfluenzae,Bifidobacterium longum,2,0.04861038289701987,0.08784428236567816,0.33288359633309617
Haemophilus parainfluenzae,Escherichia coli,2,0.04792760906943963,0.09253110173549627,0.34165329871567857
Paraprevotella xylaniphila,Roseburia faecis,2,0.04803625453965282,0.09139848611765586,0.34165329871567857
Paraprevotella xylaniphila,Phascolarctobacterium faecium,4,0.047614191260175485,0.09441805484012951,0.34420759232857334
Dialister invisus,Akkermansia muciniphila,4,0.047048214152305465,0.09840497778807913,0.3498843654687258
Haemophilus parainfluenzae,Akkermansia muciniphila,4,-0.04713193424552989,0.09794311399195617,0.3498843654687258
Roseburia faecis,Faecalibacterium prausnitzii,4,-0.04610773544393763,0.10532580826821861,0.352718985828453
Escherichia coli,Dialister invisus,4,0.04643371992277549,0.10302423382700207,0.352718985828453
Escherichia coli,Phascolarctobacterium faecium,2,0.04627111733284666,0.10437782760987625,0.352718985828453
Dialister invisus,Roseburia faecis,2,0.04615716644933941,0.10481180856462022,0.352718985828453
fecalcal,Faecalibacterium prausnitzii,2,0.046706653057232636,0.10115219333369621,0.352718985828453
Phascolarctobacterium faecium,Roseburia faecis,4,0.04569678360345217,0.10846858219388911,0.3549880871800007
Akkermansia muciniphila,Haemophilus parainfluenzae,2,-0.04575908114614589,0.10813051939382799,0.3549880871800007
Alistipes finegoldii,Akkermansia muciniphila,2,0.04538060224153496,0.11093667324564052,0.35898608870499404
Dialister invisus,Bifidobacterium longum,2,0.04458092386011642,0.11737667233500887,0.3756053514720284
Lawsonibacter asaccharolyticus,Dialister invisus,4,-0.04361318588625633,0.12586512037047567,0.3940125507249674
Haemophilus parainfluenzae,Escherichia coli,4,0.04367716547407109,0.12531027870185657,0.3940125507249674
Bifidobacterium longum,Lawsonibacter asaccharolyticus,2,0.04337390640459421,0.12811218706466088,0.3967345147808853
Alistipes finegoldii,Dialister invisus,2,-0.04287160379738951,0.13212240387439614,0.40053949806132727
Roseburia faecis,Phascolarctobacterium faecium,2,0.042980876487824,0.13113877252083223,0.40053949806132727
Dialister invisus,Lawsonibacter asaccharolyticus,2,0.04257710812084639,0.13496010256898577,0.4048803077069573
Phascolarctobacterium faecium,Dialister invisus,4,-0.04221082923392095,0.13819253504728865,0.40611683768999113
Alistipes finegoldii,Haemophilus parainfluenzae,4,-0.04233962577189326,0.1371522363281759,0.40611683768999113
Lawsonibacter asaccharolyticus,Escherichia coli,4,-0.04172626008037793,0.14342874163852637,0.40898492665243164
Paraprevotella xylaniphila,Bifidobacterium longum,2,0.04177566134468705,0.1423059177624899,0.40898492665243164
Roseburia faecis,Paraprevotella xylaniphila,2,0.041813721472725184,0.14178086458350742,0.40898492665243164
Roseburia faecis,Lawsonibacter asaccharolyticus,4,-0.041025401452695745,0.14994803265404963,0.41927216897443004
Paraprevotella xylaniphila,Phascolarctobacterium faecium,2,0.041011011005863546,0.14976026982890422,0.41927216897443004
Akkermansia muciniphila,Bifidobacterium longum,2,0.04078988177943787,0.1521368019591163,0.42130191311755283
Alistipes finegoldii,fecalcal,4,0.04004094875782739,0.1601497046550282,0.43926776133950596
Akkermansia muciniphila,Escherichia coli,4,-0.03674226366437977,0.19729440955248542,0.48153211822979497
Akkermansia muciniphila,Dialister invisus,2,0.03672352153791293,0.19715935857383401,0.48153211822979497
Phascolarctobacterium faecium,Phascolarctobacterium faecium,4,0.036858758192174726,0.1955136311983373,0.48153211822979497
Phascolarctobacterium faecium,Faecalibacterium prausnitzii,4,0.03700961259865799,0.1938706184762088,0.48153211822979497
Escherichia coli,Dialister invisus,2,0.03775491408107469,0.18486163260924438,0.48153211822979497
Haemophilus parainfluenzae,Faecalibacterium prausnitzii,2,0.037990334294005036,0.18231327479147766,0.48153211822979497
fecalcal,Roseburia faecis,4,0.03724690175053721,0.19120645866131586,0.48153211822979497
Roseburia faecis,Escherichia coli,4,0.03776294352794797,0.18494642929618968,0.48153211822979497
Akkermansia muciniphila,Paraprevotella xylaniphila,2,-0.03704398243887115,0.1932759469625164,0.48153211822979497
Haemophilus parainfluenzae,Haemophilus parainfluenzae,4,0.03752329581020991,0.18757271395147312,0.48153211822979497
Akkermansia muciniphila,Roseburia faecis,2,0.0371470648515851,0.1920387809212703,0.48153211822979497
Escherichia coli,Alistipes finegoldii,2,0.03792337646728151,0.18326361748885944,0.48153211822979497
fecalcal,Haemophilus parainfluenzae,2,0.03827692929818055,0.17921081050408688,0.48153211822979497
fecalcal,Dialister invisus,2,-0.03649084154794536,0.20037992749020558,0.48495310182503537
Akkermansia muciniphila,Akkermansia muciniphila,4,0.03632073761209076,0.20230402634644953,0.48552966323147884
Haemophilus parainfluenzae,Paraprevotella xylaniphila,2,-0.03581953421060653,0.2084209183045929,0.49595510565353823
Haemophilus parainfluenzae,Paraprevotella xylaniphila,4,0.03555411790998865,0.2118141597061986,0.49595510565353823
Haemophilus parainfluenzae,Alistipes finegoldii,4,0.03561389887674413,0.21123170705431493,0.49595510565353823
Escherichia coli,Roseburia faecis,4,-0.03527479426700998,0.21561433308554667,0.5007816768438503
Phascolarctobacterium faecium,Haemophilus parainfluenzae,4,-0.034615889111488135,0.2243163563155095,0.5159674186016144
Akkermansia muciniphila,Alistipes finegoldii,2,0.034377378815683375,0.22752729917501746,0.5159674186016144
Faecalibacterium prausnitzii,Alistipes finegoldii,2,-0.03440344456443793,0.22717480512699229,0.5159674186016144
Alistipes finegoldii,Paraprevotella xylaniphila,2,0.03396381653573119,0.23298251554890062,0.5201470114580107
Dialister invisus,Akkermansia muciniphila,2,0.03396450074712398,0.23297309689897375,0.5201470114580107
Dialister invisus,Escherichia coli,4,-0.033489364406592545,0.2397694862903699,0.531181631166358
Escherichia coli,Paraprevotella xylaniphila,2,0.032830095903180805,0.24915324183472337,0.5456122770424195
Faecalibacterium prausnitzii,Escherichia coli,4,0.032519050785056146,0.2538612677905702,0.5456122770424195
Escherichia coli,Faecalibacterium prausnitzii,4,0.032654380980564654,0.25188960210003636,0.5456122770424195
Escherichia coli,Bifidobacterium longum,2,0.03251982451485844,0.25384996467990395,0.5456122770424195
fecalcal,Phascolarctobacterium faecium,4,-0.03237009635651891,0.2562370920572341,0.5466391297220994
Haemophilus parainfluenzae,Lawsonibacter asaccharolyticus,2,0.03185503064656102,0.2636909297456167,0.5543283778593986
Akkermansia muciniphila,Faecalibacterium prausnitzii,2,0.03193411075156986,0.2623128944803701,0.5543283778593986
Alistipes finegoldii,Haemophilus parainfluenzae,2,-0.030932977556061614,0.27757517322617414,0.5710117849224153
Akkermansia muciniphila,Phascolarctobacterium faecium,2,0.03098881992817131,0.27670826941928517,0.5710117849224153
Haemophilus parainfluenzae,Faecalibacterium prausnitzii,4,0.031147754078072916,0.2742510524508142,0.5710117849224153
Lawsonibacter asaccharolyticus,Faecalibacterium prausnitzii,2,0.03079846633057065,0.279866236504616,0.5716416745626199
Roseburia faecis,Faecalibacterium prausnitzii,2,-0.030452592614424037,0.2849135262776729,0.5774215204687446
Phascolarctobacterium faecium,Lawsonibacter asaccharolyticus,2,-0.030238235876237134,0.2887107602343723,0.5774215204687446
Haemophilus parainfluenzae,Lawsonibacter asaccharolyticus,4,-0.03032158484933532,0.28738312307864355,0.5774215204687446
Haemophilus parainfluenzae,Dialister invisus,4,-0.029999312614334514,0.29214745168162537,0.5802652833400559
Akkermansia muciniphila,Faecalibacterium prausnitzii,4,-0.029561272507456195,0.2994504114385205,0.5906967020157118
Roseburia faecis,Bifidobacterium longum,4,0.029031711127989534,0.3079985864466059,0.6031194699965484
Phascolarctobacterium faecium,Faecalibacterium prausnitzii,2,-0.028927440599926336,0.3099363943037818,0.6031194699965484
Bifidobacterium longum,Dialister invisus,2,-0.02875244206700099,0.31267730700953844,0.6032731175720503
Bifidobacterium longum,Roseburia faecis,2,-0.02828076922672089,0.3204888437101517,0.6032731175720503
Lawsonibacter asaccharolyticus,Paraprevotella xylaniphila,2,-0.028430181871669565,0.318527051538893,0.6032731175720503
Escherichia coli,Paraprevotella xylaniphila,4,0.028441777965174574,0.3181330594888066,0.6032731175720503
Lawsonibacter asaccharolyticus,Escherichia coli,2,-0.028499598847547138,0.31774000124756807,0.6032731175720503
Faecalibacterium prausnitzii,Akkermansia muciniphila,2,-0.02803585655821796,0.3250917501082189,0.604041445362368
Escherichia coli,fecalcal,4,-0.028114016266385065,0.3243342889748845,0.604041445362368
Alistipes finegoldii,Paraprevotella xylaniphila,4,-0.027791986879371677,0.32912331647948156,0.6076122765775045
Dialister invisus,Phascolarctobacterium faecium,4,0.027605760245817998,0.3323757640849512,0.6097084080029678
Akkermansia muciniphila,Haemophilus parainfluenzae,4,-0.026873874159474558,0.34555400738323916,0.6298705957365371
Roseburia faecis,Alistipes finegoldii,4,-0.026635364330609125,0.34965785487613754,0.633342529586966
Roseburia faecis,Roseburia faecis,4,0.025402044535803026,0.3720412088581775,0.6377849294711614
Alistipes finegoldii,Dialister invisus,4,0.02585838539826224,0.36389847930288655,0.6377849294711614
Escherichia coli,Lawsonibacter asaccharolyticus,2,-0.02570575913096284,0.36732170006712794,0.6377849294711614
Phascolarctobacterium faecium,Lawsonibacter asaccharolyticus,4,0.025855820197775603,0.36453056955838314,0.6377849294711614
Dialister invisus,Bifidobacterium longum,4,-0.025462376062587024,0.37129401838260645,0.6377849294711614
Escherichia coli,Roseburia faecis,2,-0.025964681177639223,0.3621239831637427,0.6377849294711614
Paraprevotella xylaniphila,Haemophilus parainfluenzae,4,0.025635652511014104,0.3680466620671936,0.6377849294711614
Roseburia faecis,Haemophilus parainfluenzae,2,-0.025615769413716252,0.368418389592458,0.6377849294711614
Paraprevotella xylaniphila,Alistipes finegoldii,4,-0.025573908058664788,0.3692017776183708,0.6377849294711614
Haemophilus parainfluenzae,Roseburia faecis,2,-0.02508136908260806,0.37849663228688213,0.6387471556302722
Faecalibacterium prausnitzii,Paraprevotella xylaniphila,4,0.025041454507221485,0.3792561236554741,0.6387471556302722
Akkermansia muciniphila,Bifidobacterium longum,4,-0.02510878221427921,0.37816910542057336,0.6387471556302722
Akkermansia muciniphila,fecalcal,2,0.02473619429616796,0.38567452255453927,0.645780595905275
Lawsonibacter asaccharolyticus,Roseburia faecis,4,-0.02450540604032229,0.38993148759764784,0.6491344995845236
Akkermansia muciniphila,Paraprevotella xylaniphila,4,-0.0239289686432535,0.40079954126886996,0.6504185514680009
Phascolarctobacterium faecium,fecalcal,4,-0.02377273881327939,0.4044553815494767,0.6504185514680009
Haemophilus parainfluenzae,Alistipes finegoldii,2,0.024129868789737243,0.3970472859875792,0.6504185514680009
Phascolarctobacterium faecium,Alistipes finegoldii,2,0.024241058615247668,0.39487485909675635,0.6504185514680009
fecalcal,Lawsonibacter asaccharolyticus,4,-0.023779281410826462,0.40470852562545767,0.6504185514680009
Faecalibacterium prausnitzii,Dialister invisus,2,-0.02364008739141965,0.40651159466750053,0.6504185514680009
Paraprevotella xylaniphila,Akkermansia muciniphila,2,0.023659864277621973,0.4059286434514574,0.6504185514680009
Bifidobacterium longum,fecalcal,4,-0.02279812796498476,0.42399899828382237,0.6746503398107229
Haemophilus parainfluenzae,Bifidobacterium longum,4,0.022231052205772997,0.43524675968271886,0.6887421252122145
Dialister invisus,Roseburia faecis,4,-0.02133581122428968,0.453601071292845,0.7138639810510348
Dialister invisus,Haemophilus parainfluenzae,4,-0.020997464465556875,0.46097710622997834,0.721529383664314
fecalcal,Phascolarctobacterium faecium,2,-0.020476356386878246,0.47271849463578886,0.725278889038854
Paraprevotella xylaniphila,Dialister invisus,2,-0.020409567147458025,0.47344594145591856,0.725278889038854
Bifidobacterium longum,Escherichia coli,2,0.020707283886896535,0.46755802493523835,0.725278889038854
Faecalibacterium prausnitzii,Dialister invisus,4,-0.020419294882991067,0.47341448924165175,0.725278889038854
Bifidobacterium longum,Haemophilus parainfluenzae,2,0.0201568160859602,0.47929949161687846,0.7303611300828624
Phascolarctobacterium faecium,Paraprevotella xylaniphila,2,0.01988302330551739,0.4851134535880679,0.7353298664913871
Alistipes finegoldii,Phascolarctobacterium faecium,4,-0.019224405641726193,0.49986680631191405,0.7429761442152646
Bifidobacterium longum,Akkermansia muciniphila,4,-0.019301810643312628,0.49814176674418975,0.7429761442152646
Alistipes finegoldii,Roseburia faecis,4,0.019269357746964227,0.49869037855981724,0.7429761442152646
Phascolarctobacterium faecium,Akkermansia muciniphila,4,-0.019197059928156006,0.5004769860338936,0.7429761442152646
Phascolarctobacterium faecium,Dialister invisus,2,0.018871532770120096,0.5074264464205765,0.7429908542863983
Lawsonibacter asaccharolyticus,Faecalibacterium prausnitzii,4,-0.018994251558944318,0.5053606963537207,0.7429908542863983
Akkermansia muciniphila,Dialister invisus,4,0.018780707202738785,0.5096440256147872,0.7429908542863983
fecalcal,Faecalibacterium prausnitzii,4,0.018752018047073847,0.5108062123218988,0.7429908542863983
Paraprevotella xylaniphila,Faecalibacterium prausnitzii,2,0.01810920698365138,0.5248991488482913,0.7596530395392356
Roseburia faecis,Haemophilus parainfluenzae,4,0.01759753392579257,0.5366780932700631,0.7689715963272546
fecalcal,Bifidobacterium longum,4,0.017665064629580774,0.5356132386983725,0.7689715963272546
Dialister invisus,Paraprevotella xylaniphila,2,-0.016832344075766604,0.554376812843618,0.7798551960730432
Faecalibacterium prausnitzii,Haemophilus parainfluenzae,2,-0.016601276794159188,0.5599869633729142,0.7798551960730432
Paraprevotella xylaniphila,Akkermansia muciniphila,4,-0.017047088777322528,0.5493342310697804,0.7798551960730432
Haemophilus parainfluenzae,Phascolarctobacterium faecium,2,-0.016990026708459383,0.5509951669652916,0.7798551960730432
Dialister invisus,fecalcal,4,-0.01676624694727321,0.5564142444470734,0.7798551960730432
fecalcal,Akkermansia muciniphila,4,-0.01659216099227935,0.5605209221774998,0.7798551960730432
Akkermansia muciniphila,Roseburia faecis,4,-0.016393272704808906,0.5649146631379154,0.7821895335755752
Lawsonibacter asaccharolyticus,Bifidobacterium longum,2,0.015330518572674923,0.590864007420153,0.8071630714982528
Phascolarctobacterium faecium,Haemophilus parainfluenzae,2,-0.01529764493232168,0.5913590558546227,0.8071630714982528
Dialister invisus,Faecalibacterium prausnitzii,4,-0.01533687278282434,0.5902574653138002,0.8071630714982528
fecalcal,Escherichia coli,4,0.014522255667937276,0.6107302105720844,0.824546995501482
Lawsonibacter asaccharolyticus,Alistipes finegoldii,4,-0.014436914023269127,0.6126842258240179,0.824546995501482
Escherichia coli,Lawsonibacter asaccharolyticus,4,0.014620653218815106,0.6083145641194492,0.824546995501482
Lawsonibacter asaccharolyticus,fecalcal,4,-0.014313984256487628,0.616000902929726,0.8251546978779585
Escherichia coli,Haemophilus parainfluenzae,2,-0.013535524423024655,0.6347724746894599,0.8295620227611924
Roseburia faecis,Phascolarctobacterium faecium,4,0.013568781284174467,0.6338030582657682,0.8295620227611924
Akkermansia muciniphila,Escherichia coli,2,-0.013424199671139968,0.6376965769310123,0.8295620227611924
Bifidobacterium longum,Phascolarctobacterium faecium,4,0.013381198851040074,0.6386380384836285,0.8295620227611924
Dialister invisus,Alistipes finegoldii,4,-0.013643885704852254,0.6319258737182496,0.8295620227611924
Escherichia coli,Akkermansia muciniphila,2,0.013354093421661915,0.6394540592117525,0.8295620227611924
Phascolarctobacterium faecium,Alistipes finegoldii,4,-0.013389752254976243,0.6384235336850936,0.8295620227611924
Dialister invisus,Lawsonibacter asaccharolyticus,4,-0.012605797229250893,0.6582073848536734,0.8500615553267171
Paraprevotella xylaniphila,Bifidobacterium longum,4,-0.012115137717440487,0.6705877327699254,0.8546027841101934
Akkermansia muciniphila,Lawsonibacter asaccharolyticus,2,0.012128419061239518,0.670625795864249,0.8546027841101934
fecalcal,Bifidobacterium longum,2,-0.012175920276694521,0.6694120506960435,0.8546027841101934
Bifidobacterium longum,Phascolarctobacterium faecium,2,-0.011814694068793681,0.6784168778409336,0.8607227348818894
Bifidobacterium longum,Faecalibacterium prausnitzii,4,-0.011683756956665473,0.6817846816105338,0.8612017030869902
fecalcal,Akkermansia muciniphila,2,0.011175227731509214,0.6950417385361254,0.865157665733703
Phascolarctobacterium faecium,Roseburia faecis,2,-0.01048542095027001,0.7127825720912986,0.865157665733703
Bifidobacterium longum,Alistipes finegoldii,2,-0.010438285530216333,0.7141278183081734,0.865157665733703
Alistipes finegoldii,Phascolarctobacterium faecium,2,0.011332654672650332,0.690846452463411,0.865157665733703
Alistipes finegoldii,Bifidobacterium longum,4,-0.011173168215887864,0.6949774721108919,0.865157665733703
Roseburia faecis,Paraprevotella xylaniphila,4,0.011047266065662793,0.6980121096194295,0.865157665733703
Bifidobacterium longum,Dialister invisus,4,0.010446850379045632,0.713792538749136,0.865157665733703
Haemophilus parainfluenzae,Roseburia faecis,4,0.010602050694686142,0.7097316986131135,0.865157665733703
Escherichia coli,Bifidobacterium longum,4,0.010570133391553993,0.7107905069959736,0.865157665733703
Lawsonibacter asaccharolyticus,Phascolarctobacterium faecium,4,0.010415098138846467,0.7149566820993796,0.865157665733703
Lawsonibacter asaccharolyticus,Dialister invisus,2,-0.010110750474986878,0.7228301801485697,0.8673962161782836
Paraprevotella xylaniphila,Haemophilus parainfluenzae,2,-0.010154872902615839,0.721454082043079,0.8673962161782836
Roseburia faecis,Akkermansia muciniphila,2,0.009866265038097472,0.729054743285265,0.8712355438429722
Lawsonibacter asaccharolyticus,fecalcal,2,0.009602233786618378,0.7365475992577437,0.876552514819133
Escherichia coli,Akkermansia muciniphila,4,-0.00940527838217451,0.7414526942069586,0.8787587486897287
Faecalibacterium prausnitzii,Bifidobacterium longum,4,0.009125627404078122,0.7487788995012696,0.8803594194286325
fecalcal,Haemophilus parainfluenzae,4,0.009127855866646804,0.7489168672222741,0.8803594194286325
Paraprevotella xylaniphila,Roseburia faecis,4,0.008577507386079548,0.7632177144936496,0.8886118367986531
Faecalibacterium prausnitzii,Phascolarctobacterium faecium,2,-0.008510661468959242,0.7651935261321735,0.8886118367986531
Bifidobacterium longum,Alistipes finegoldii,4,-0.008656985007382285,0.7612779965348753,0.8886118367986531
Escherichia coli,Alistipes finegoldii,4,0.008041666545118528,0.7778714036106741,0.8925377061349568
Phascolarctobacterium faecium,fecalcal,2,0.008158898291570325,0.7748090117434554,0.8925377061349568
Bifidobacterium longum,Lawsonibacter asaccharolyticus,4,0.008102962592762306,0.7763116814952861,0.8925377061349568
Roseburia faecis,Akkermansia muciniphila,4,-0.0072902610326027045,0.7979952716673268,0.909378349210377
Faecalibacterium prausnitzii,Haemophilus parainfluenzae,4,0.007261181095406764,0.7988636192716159,0.909378349210377
Bifidobacterium longum,Escherichia coli,4,-0.0067679729457417025,0.8123364399163044,0.910322547454847
Bifidobacterium longum,Haemophilus parainfluenzae,4,-0.006823280508051158,0.8107563784641044,0.910322547454847
Faecalibacterium prausnitzii,Alistipes finegoldii,4,0.006790103113295948,0.8116592472640708,0.910322547454847
Paraprevotella xylaniphila,Lawsonibacter asaccharolyticus,4,-0.007043961329818741,0.8048350465713894,0.910322547454847
Lawsonibacter asaccharolyticus,Phascolarctobacterium faecium,2,0.006510979549069519,0.8194092211283017,0.9111577439573394
Bifidobacterium longum,Roseburia faecis,4,-0.006537894023251854,0.8184584262019786,0.9111577439573394
Alistipes finegoldii,Faecalibacterium prausnitzii,2,0.006168916338412055,0.8286087726442973,0.9178435635444524
Akkermansia muciniphila,Alistipes finegoldii,4,-0.006019313269081934,0.8327030554667978,0.9188447508599148
Roseburia faecis,Dialister invisus,4,-0.005749449705939843,0.8399719508677012,0.9233279459919769
Dialister invisus,Alistipes finegoldii,2,-0.005420193004531285,0.8490834490377849,0.9297948035090572
Haemophilus parainfluenzae,Dialister invisus,2,0.005073638970857771,0.858627720539841,0.936684786043463
Lawsonibacter asaccharolyticus,Bifidobacterium longum,4,0.004370499222416311,0.8782019853320546,0.9478524222492231
Dialister invisus,fecalcal,2,0.0043493402378152884,0.8787381831268839,0.9478524222492231
Akkermansia muciniphila,Phascolarctobacterium faecium,4,0.004533079453157032,0.873606651526052,0.9478524222492231
fecalcal,Roseburia faecis,2,-0.0040490865655657664,0.8870056726622623,0.9496566309543923
Lawsonibacter asaccharolyticus,Akkermansia muciniphila,4,0.00406937148985782,0.8865350451808145,0.9496566309543923
Lawsonibacter asaccharolyticus,Haemophilus parainfluenzae,2,0.003606252157728758,0.899375044850129,0.9593333811734709
Roseburia faecis,Dialister invisus,2,-0.0033787614057509685,0.9055395292114736,0.9623445919295366
Escherichia coli,fecalcal,2,0.0032023375699191912,0.910631441114237,0.964197996473898
Roseburia faecis,Escherichia coli,2,-0.002875025052317945,0.9196356357911393,0.9664540396837071
Paraprevotella xylaniphila,Dialister invisus,4,-0.002598631025571419,0.9272802430070836,0.9664540396837071
Paraprevotella xylaniphila,Lawsonibacter asaccharolyticus,2,-0.002861406297776474,0.9200474080961489,0.9664540396837071
Dialister invisus,Haemophilus parainfluenzae,2,-0.002518655144916581,0.9295408645568989,0.9664540396837071
Lawsonibacter asaccharolyticus,Roseburia faecis,2,-0.0026759525435214476,0.9252135937267987,0.9664540396837071
Paraprevotella xylaniphila,Escherichia coli,2,-0.0021677957741583695,0.9393602461707102,0.9696621895955718
Alistipes finegoldii,Akkermansia muciniphila,4,-0.0021729717937762436,0.9392157371202459,0.9696621895955718
Phascolarctobacterium faecium,Escherichia coli,4,-0.0018229099117017984,0.9490140439233832,0.9706810348690144
Alistipes finegoldii,Faecalibacterium prausnitzii,4,-0.0018371119087929304,0.948596521726613,0.9706810348690144
Phascolarctobacterium faecium,Bifidobacterium longum,4,-0.0017704788800536842,0.9504585133092431,0.9706810348690144
fecalcal,Escherichia coli,2,0.0009462251647952627,0.973542875477601,0.9907432796379827
Paraprevotella xylaniphila,Escherichia coli,4,0.0006446174223115626,0.9819522804804971,0.9922886202750286
Akkermansia muciniphila,Lawsonibacter asaccharolyticus,4,0.0006961450765323382,0.9805257371250687,0.9922886202750286
Lawsonibacter asaccharolyticus,Haemophilus parainfluenzae,4,-0.0005024170227583176,0.9859445014298938,0.9928392182231097
Faecalibacterium prausnitzii,Lawsonibacter asaccharolyticus,4,-0.0003436608020918608,0.9903855632251273,0.9938363840029152
Akkermansia muciniphila,fecalcal,4,1.778126533584761e-05,0.999502529902822,0.999502529902822
