Comparison,Species,Mean_Group1,Mean_Group2,Mean_Difference,U_Statistic,p_value,FDR_adjusted_p,Cliffs_Delta
CD_vs_Healthy,Bacteroides vulgatus,9.208927321486268,8.215169912350596,0.9937574091356716,93118.0,4.3134165516963505e-06,9.705187241316789e-06,0.19866897514948278
CD_vs_Healthy,Bacteroides uniformis,7.896488562197092,7.883449705179283,0.013038857017809491,90033.0,0.00023597463178459514,0.0004382386018856767,0.1589570635068771
CD_vs_Healthy,Bacteroides thetaiotaomicron,4.385135649434572,3.445700609561753,0.9394350398728188,91162.0,5.989693088473285e-05,0.0001148842772707171,0.17349020718418728
CD_vs_Healthy,Faecalibacterium prausnitzii,8.386967155088854,8.669682501992032,-0.2827153469031778,91915.0,2.26075949075568e-05,4.483201024040925e-05,0.18318326049598044
CD_vs_Healthy,Roseburia faecis,5.260186096930532,5.622710139442231,-0.3625240425116987,82457.0,0.1553113210799,0.18542269965661531,0.061434391674014766
CD_vs_Healthy,Bacteroides caccae,5.35985439256866,5.858057677290836,-0.4982032847221767,80473.0,0.40641555666630935,0.4322783648178018,0.03589519144745745
CD_vs_Healthy,Clostridium clostridioforme,-0.5160589289176092,-2.6581535458167327,2.1420946168991235,100691.0,7.344471632233652e-12,4.09191990938732e-11,0.29615302924006714
CD_vs_Healthy,Bacteroides fragilis,2.5680681211631664,0.9068770717131475,1.6611910494500188,92429.0,1.1308662942727279e-05,2.281230283274296e-05,0.1897997670062883
CD_vs_Healthy,Fusicatenibacter saccharivorans,4.1015146074313416,5.788079549800797,-1.686564942369455,70715.0,0.037963635392943194,0.05047437887470856,-0.08971545160231453
CD_vs_Healthy,Flavonifractor plautii,6.746316996768981,5.068256625498008,1.6780603712709734,101441.0,1.5039560622632673e-12,9.261203120252752e-12,0.3058074648095823
CD_vs_Healthy,Dialister invisus,1.2249410080775442,0.4201883784860556,0.8047526295914886,89314.0,0.0005343587682772698,0.0009194114101241259,0.14970167794090194
CD_vs_Healthy,Ruminococcus bicirculans,-0.14536745072697912,1.8491667091633461,-1.9945341598903252,68816.0,0.008272606686207318,0.012098687278578203,-0.11416048246432686
CD_vs_Healthy,Blautia sp CAG 257,-2.337568171243942,-3.034256896414343,0.696688725170401,98672.0,4.1159994779219786e-10,1.7198997818459696e-09,0.2701632886869323
CD_vs_Healthy,Ruminococcus gnavus,2.350214205169628,0.28641232270916317,2.063801882460465,97169.0,6.552983251159538e-09,2.12971955662685e-08,0.25081579980562396
CD_vs_Healthy,Dorea longicatena,2.8627939386106624,4.044708035856574,-1.1819140972459112,72705.0,0.13816484389402237,0.16760932963276162,-0.06409901589120093
CD_vs_Healthy,Eubacterium hallii,0.8440089030694669,2.6272357968127484,-1.7832268937432816,62737.0,8.548847584074204e-06,1.754763451467863e-05,-0.19241290090043706
CD_vs_Healthy,Clostridium bolteae,1.34224063812601,1.3403572828685257,0.001883355257484176,82308.0,0.16862076412953364,0.19728629403155437,0.0595163771408711
CD_vs_Healthy,Eubacterium sp CAG 38,0.07735329240710828,0.8047542828685258,-0.7274009904614175,77024.0,0.8441902391717764,0.8588718085486768,-0.008502339591552999
CD_vs_Healthy,Clostridium saccharolyticum,-1.9069691599353795,-3.1179172071713146,1.210948047235935,93357.0,3.058533847240085e-06,7.016636473080194e-06,0.2017455219509683
CD_vs_Healthy,Intestinimonas butyriciproducens,-0.8972496090468496,-1.1748987569721114,0.27764914792526185,85560.0,0.019025129966604673,0.026187531836385256,0.10137800977028877
CD_vs_Healthy,Anaerostipes hadrus,4.329771429725363,5.919632470119523,-1.58986104039416,75993.0,0.6145773364641929,0.6420138246992014,-0.021773970354446504
CD_vs_Healthy,Anaerotignum lactatifermentans,-2.0494753715670435,-3.199506908366534,1.1500315367994904,98136.0,1.1294415653516632e-09,4.262731069230471e-09,0.263263585399919
CD_vs_Healthy,Ruthenibacterium lactatiformans,1.7867421098546044,3.6469727609561753,-1.860230651101571,59498.0,6.112624803203755e-08,1.7028026237496175e-07,-0.23410718997998314
CD_vs_Healthy,Lawsonibacter asaccharolyticus,-0.0069244911147010825,0.6005024621513944,-0.6074269532660954,76522.0,0.7293251176237934,0.7485178838770511,-0.014964375132748509
CD_vs_Healthy,Clostridium bolteae CAG 59,-1.7196707802907916,-3.071515980079681,1.3518451997888896,97767.0,2.23040708645068e-09,7.675224385727339e-09,0.2585136030997175
CD_vs_Healthy,Clostridium symbiosum,-0.18282064943457177,-0.713959019920319,0.5311383704857472,87641.0,0.003029547367033605,0.004855575917026463,0.12816585033050343
CD_vs_Healthy,Anaerotruncus colihominis,-2.427268704361874,-1.1407296374501992,-1.2865390669116747,67939.0,0.0037091671950944026,0.0058644940787303396,-0.12544973579027996
CD_vs_Healthy,Agathobaculum butyriciproducens,0.40073643457189007,1.0994147928286855,-0.6986783582567955,74530.0,0.3476247771381302,0.37659350856630774,-0.04060655600538077
CD_vs_Healthy,Escherichia coli,2.0556459612277864,1.7659767410358567,0.28966922019192975,84057.0,0.057765814054411474,0.07509555827073491,0.08203052088898044
CD_vs_Healthy,Eisenbergiella massiliensis,-0.757994957996769,-2.008875474103586,1.2508805161068168,94366.0,6.78873046964594e-07,1.6547530519761977e-06,0.21473395593715616
CD_vs_Healthy,Clostridium citroniae,-1.7024929046849755,-2.601204525896415,0.8987116212114394,94474.0,5.748735133382462e-07,1.4310681076718045e-06,0.21612419465916632
CD_vs_Healthy,Bacteroides stercoris,3.0862922730210016,5.510445151394422,-2.4241528783734205,67490.0,0.0024006068954488284,0.003955929672781872,-0.1312295245512296
CD_vs_Healthy,Monoglobus pectinilyticus,-2.399877949919224,-3.1171119243027894,0.7172339743835652,92768.0,7.073811593314898e-06,1.5326591785515613e-05,0.19416357188370914
CD_vs_Healthy,Alistipes putredinis,5.429756066235864,3.3886215019920325,2.0411345642438317,97932.0,1.647682842097022e-09,6.024340391417236e-09,0.2606375789250108
CD_vs_Healthy,Parabacteroides distasonis,5.637873817447496,6.303604410358565,-0.6657305929110686,82654.0,0.1389581621741699,0.16760932963276162,0.06397029008360744
CD_vs_Healthy,Roseburia hominis,1.9166454523424878,3.6740880079681273,-1.7574425556256394,68159.0,0.004562818647427115,0.006844227971140673,-0.1226177680232221
CD_vs_Healthy,Bifidobacterium longum,2.4051898756058154,4.611003697211156,-2.2058138216053402,67696.0,0.002937028989703593,0.004772672108268338,-0.12857777291480288
CD_vs_Healthy,Eubacterium siraeum,0.6041868206785136,1.532879003984064,-0.9286921833055505,72979.0,0.16119395763158628,0.19050194992823832,-0.060571928763138105
CD_vs_Healthy,Parabacteroides merdae,3.891107432956381,3.7355663944223108,0.1555410385340701,81217.0,0.2929058907204547,0.32638084965993525,0.045472391532416445
CD_vs_Healthy,Roseburia inulinivorans,2.786846240710824,3.9252767330677294,-1.1384304923569055,75124.0,0.4458669330677525,0.4699678483687121,-0.032960243034324765
CD_vs_Healthy,Bacteroides cellulosilyticus,-0.5375812245557351,-3.441119880478088,2.9035386559223526,107865.0,2.5388639050612267e-19,3.713088461152044e-18,0.3885009236076695
CD_vs_Healthy,Bacteroides ovatus,5.952291812600969,8.487175302788845,-2.534883490187876,60808.0,5.024375699443694e-07,1.2779390365976351e-06,-0.21724410918522996
CD_vs_Healthy,Blautia wexlerae,1.6525224862681744,2.712107884462151,-1.0595853981939767,69310.0,0.012644365356257042,0.017823984899784023,-0.10780142756920619
CD_vs_Healthy,Bifidobacterium adolescentis,-1.9408687415185784,1.0961226812749005,-3.036991422793479,58126.0,5.7444341243823755e-09,1.9202822644363943e-08,-0.25176837078181624
CD_vs_Healthy,Eubacterium eligens,2.982071285945073,2.884120147410359,0.09795113853471404,87322.0,0.0041082087400902715,0.006242343150526776,0.1240594970682698
CD_vs_Healthy,Clostridium leptum,-0.15231078675282722,2.310387860557769,-2.4626986473105963,55517.0,4.085381013680475e-11,1.9916232441692316e-10,-0.28535293398296957
CD_vs_Healthy,Bacteroides xylanisolvens,4.141467765751211,2.2001712350597615,1.9412965306914498,94110.0,1.0028435110896685e-06,2.394544710152882e-06,0.21143857526276166
CD_vs_Healthy,Sutterella parvirubra,-1.5618069079159935,-3.417560219123507,1.8557533112075133,99167.0,1.5849414140657066e-10,7.13223636329568e-10,0.2765352161628123
CD_vs_Healthy,Bacteroides dorei,1.379861450726979,-1.530245442231076,2.910106892958055,102013.0,4.341789525302125e-13,2.9881727909432267e-12,0.31317058100393247
CD_vs_Healthy,Clostridium lavalense,-1.3429381486268173,-3.249615737051793,1.9066775884249756,102181.0,2.998074367961333e-13,2.33849800700984e-12,0.315333174571504
CD_vs_Healthy,Eubacterium rectale,6.256187179321486,6.4249522470119524,-0.16876506769046618,86613.0,0.007846528885895978,0.011620808603162398,0.11493283730988813
CD_vs_Healthy,Akkermansia muciniphila,-1.1605325799676898,2.152163123505976,-3.3126957034736657,56571.5,3.237932171823151e-10,1.4031039411233655e-09,-0.2717787975722312
CD_vs_Healthy,Acidaminococcus intestini,-2.10581801453958,-4.346289434262948,2.240471419723368,109078.0,8.907608284994382e-21,1.7369836155739045e-19,0.40411536406876536
CD_vs_Healthy,Ruminococcus torques,0.1442811389337641,4.081936613545817,-3.9376554746120527,47403.0,1.9303578106225747e-19,3.2264551977548747e-18,-0.3898010542643642
CD_vs_Healthy,Sellimonas intestinalis,-3.834717529886914,-3.0640730517928283,-0.7706444780940855,86155.0,0.011661712346715397,0.016639272494703677,0.1090371953221041
CD_vs_Healthy,Bacteroides faecis,-1.4269138723747978,-1.1815432071713146,-0.24537066520348327,89422.0,0.0004739290577056798,0.0008276074589785753,0.1510919166629121
CD_vs_Healthy,Roseburia intestinalis,1.9118195945072696,1.9267653426294822,-0.01494574812221261,83911.0,0.06373992538081019,0.08195133263247024,0.08015112409811476
CD_vs_Healthy,Collinsella aerofaciens,1.788605256865913,2.31389403187251,-0.5252887750065969,74107.0,0.2867997012937318,0.32264966395544825,-0.04605165766658725
CD_vs_Healthy,Bacteroides intestinalis,-2.2430229886914375,-3.99297958565737,1.7499565969659328,106895.0,3.370989733277935e-18,4.382286653261315e-17,0.3760145202710965
CD_vs_Healthy,Bacteroides faecis CAG 32,-3.0180590355411954,-1.4988045577689242,-1.5192544777722712,83628.0,0.07677343545866648,0.09658593493187075,0.07650818374321777
CD_vs_Healthy,Ruminococcus lactaris,-2.8604807205169624,-1.510838290836653,-1.3496424296803093,85332.0,0.0227776418754088,0.030632001142791142,0.09844306135715608
CD_vs_Healthy,Prevotella copri,-2.1450446494345723,-2.5814167131474104,0.4363720637128381,97085.0,7.605196257612368e-09,2.404886384163911e-08,0.2497345030218383
CD_vs_Healthy,Eisenbergiella tayi,-2.753348581583199,-0.5813613386454183,-2.1719872429377807,60796.0,4.931651301944353e-07,1.2779390365976351e-06,-0.2173985801543422
CD_vs_Healthy,Intestinibacter bartlettii,-2.5657399273021,-2.602248382470119,0.036508455168018816,85754.0,0.016269725567570333,0.022661403469115823,0.10387529043760346
CD_vs_Healthy,Erysipelatoclostridium ramosum,-2.1412355379644588,-4.637099868525897,2.495864330561438,113303.0,2.7820027545740854e-26,1.0849810742838932e-24,0.45850201777703403
CD_vs_Healthy,Barnesiella intestinihominis,-0.7389690436187398,-1.536534513944223,0.7975654703254832,94858.0,3.157063851167852e-07,8.394919786059971e-07,0.22106726567075796
CD_vs_Healthy,Blautia obeum,1.94654150726979,1.836769215139442,0.10977229213034811,84196.0,0.052518058956025834,0.0690405943579216,0.08381980961453062
CD_vs_Healthy,Bacteroides finegoldii,-2.362406489499192,-2.66935476494024,0.30694827544104797,90957.0,7.744534691534045e-05,0.00014614686434023924,0.17085132812851977
CD_vs_Healthy,Parasutterella excrementihominis,1.7491132568659125,3.357432055776892,-1.6083187989109797,71617.0,0.07081730322996022,0.09006113562940593,-0.0781043837573776
CD_vs_Healthy,Phascolarctobacterium faecium,-0.7898517915993537,0.06913656573705186,-0.8589883573364056,81779.0,0.2227978589227133,0.2580925692471035,0.05270678191917311
CD_vs_Healthy,Lachnospira pectinoschiza,-1.2212709337641359,1.386372764940239,-2.6076436987043747,67411.0,0.0022198750664229033,0.0037103626110211382,-0.13224645843121863
CD_vs_Healthy,Clostridium sp CAG 58,-0.4032796413570274,0.5937474661354583,-0.9970271074924857,72639.0,0.13301619864721848,0.16381994991289012,-0.06494860622131826
CD_vs_Healthy,Bilophila wadsworthia,1.1719760662358645,-0.14973545019920312,1.3217115164350677,92741.0,7.3457779021052715e-06,1.5626472991751213e-05,0.19381601220320666
CD_vs_Healthy,Turicimonas muris,-0.44872607754442667,-0.31408383266932277,-0.1346422448751039,81519.0,0.25357932262417726,0.2880464150196965,0.04935991092174108
CD_vs_Healthy,Proteobacteria bacterium CAG 139,0.5539554410339257,0.6930089601593623,-0.13905351912543662,80892.0,0.33958331423626953,0.37132007257610783,0.04128880278562641
CD_vs_Healthy,Anaeromassilibacillus sp An250,-2.4953484620355413,-1.8986757011952191,-0.5966727608403222,77555.0,0.9693576313791719,0.9693576313791719,-0.0016669992083362395
CD_vs_Healthy,Hungatella hathewayi,-1.6839303957996767,-0.7828890756972112,-0.9010413201024655,77526.0,0.9624736520088918,0.9693576313791719,-0.0020403040503574887
CD_vs_Healthy,Alistipes finegoldii,2.652802814216478,5.523440705179284,-2.8706378909628056,61489.0,1.4170628206473076e-06,3.3159270003147e-06,-0.2084778816881102
CD_vs_Healthy,Ruminococcus bromii,-1.4598824636510501,2.061706665338645,-3.521589128989695,59451.0,5.6521437375451454e-08,1.6129288226653221e-07,-0.23471220127567272
CD_vs_Healthy,Odoribacter splanchnicus,3.643140006462035,2.02621909561753,1.616920910844505,100803.0,5.813815784656222e-12,3.40108223402389e-11,0.29759475828511484
CD_vs_Healthy,Butyricimonas virosa,-2.521717630048465,-3.517412342629482,0.9956947125810167,100385.0,1.3831051094395399e-11,7.355604445655734e-11,0.292214019527705
CD_vs_Healthy,Oscillibacter sp CAG 241,-2.9292169951534732,-2.4407483227091635,-0.4884686724443097,82802.0,0.12757024586867247,0.15878424219824125,0.06587543203599178
CD_vs_Healthy,Alistipes indistinctus,-1.9863908642972536,-3.4314346772908366,1.445043812993583,101487.0,1.3623890064045936e-12,8.855528541629857e-12,0.3063996035245127
CD_vs_Healthy,Coprococcus comes,1.4942916478190629,1.1222684820717133,0.3720231657473496,87353.0,0.003989858238218046,0.006142281761467254,0.12445854707180959
CD_vs_Healthy,Gemmiger formicilis,-1.581822786752827,-0.25259320717131467,-1.3292295795815123,67967.0,0.0038090901819840014,0.005942180683895041,-0.12508930352901804
CD_vs_Healthy,Holdemania filiformis,-1.323662873990307,-1.8423874581673307,0.5187245841770238,88337.0,0.001514031376452925,0.0025672705948549595,0.13712516653901363
CD_vs_Healthy,Firmicutes bacterium CAG 83,-0.6639658449111471,1.5173096135458166,-2.181275458456964,65600.0,0.0003201744012279194,0.0005675818930858571,-0.15555870218640788
CD_vs_Healthy,Dorea formicigenerans,0.6977148239095315,1.695425342629482,-0.9977105187199505,73778.0,0.24477313122439137,0.2807691799338607,-0.050286736736414595
CD_vs_Healthy,Collinsella intestinalis,-3.838369751211632,-4.808824936254981,0.9704551850433485,102052.0,3.985008886749505e-13,2.914037748435575e-12,0.3136726116535473
CD_vs_Healthy,Oscillibacter sp 57 20,1.214207578352181,-1.2647071354581674,2.4789147138103482,105341.0,1.7884450782999187e-16,1.902255219646277e-15,0.3560105297710612
CD_vs_Healthy,Firmicutes bacterium CAG 94,-3.5500304006462033,-3.8302052669322713,0.2801748662860679,97782.0,2.1700558911951816e-09,7.675224385727339e-09,0.25870669181110784
CD_vs_Healthy,Dielma fastidiosa,-2.631792185783522,-4.057694689243028,1.4259025034595059,103732.0,8.741261672883923e-15,7.867135505595531e-14,0.33529854732926134
CD_vs_Healthy,Streptococcus thermophilus,-3.012616008077545,-3.5508567450199204,0.5382407369423756,95299.0,1.561609622168765e-07,4.2490308324126856e-07,0.226744073785633
CD_vs_Healthy,Clostridium innocuum,-3.0047907415185784,-3.9567351155378483,0.9519443740192699,99900.0,3.709466389309868e-11,1.886989424127194e-10,0.28597081785941847
CD_vs_Healthy,Haemophilus parainfluenzae,0.5408061760904685,-0.7062113306772908,1.2470175067677594,92994.0,5.145793645864712e-06,1.1359582199361723e-05,0.19707277513532295
CD_vs_Healthy,Veillonella dispar,-1.3582308885298868,-1.2854242470119521,-0.0728066415179347,86318.0,0.010147637374383458,0.014657698429664995,0.11113542598587878
CD_vs_Healthy,Veillonella parvula,0.24067618416801295,-0.4231216613545816,0.6637978455225946,89809.0,0.00030582348390044173,0.0005504822710207951,0.15607360541678195
CD_vs_Healthy,Veillonella infantium,-2.6694642310177703,-3.090778864541833,0.42131463352406273,92657.0,8.257311590733159e-06,1.7251883144924634e-05,0.19273471541942078
CD_vs_Healthy,Clostridium spiroforme,-2.827868630048465,-4.76461744621514,1.9367488161666748,110349.0,2.3183362760567915e-22,6.781133607466115e-21,0.4204764142139037
CD_vs_Healthy,Streptococcus salivarius,-1.5416451631663974,-2.8721483705179285,1.330503207351531,99738.0,5.133893509802774e-11,2.4026621625876983e-10,0.28388545977640334
CD_vs_Healthy,Veillonella atypica,-1.5200714119547658,-2.8319995537848603,1.3119281418300945,98546.0,5.229996645605619e-10,2.110033129433991e-09,0.2685413435112538
CD_vs_Healthy,Paraprevotella xylaniphila,-2.5165077108239093,-4.714116470119522,2.1976087592956124,115275.0,4.380280320669285e-29,4.843705173743723e-27,0.4838867470344792
CD_vs_Healthy,Bacteroides eggerthii,-4.005019568659128,-0.3664500836653388,-3.6385694849937886,63585.0,2.687632559272779e-05,5.2408834905819194e-05,-0.1814969524165052
CD_vs_Healthy,Alistipes shahii,0.5801406155088853,0.2499658446215139,0.3301747708873714,85336.0,0.022706632010263864,0.030632001142791142,0.09849455168019361
CD_vs_Healthy,Butyricimonas synergistica,-3.5944193780290794,-3.7607025816733066,0.16628320364422722,98144.0,1.1127564439101322e-09,4.262731069230471e-09,0.2633665660459936
CD_vs_Healthy,Haemophilus sp HMSC71H05,-2.683107631663974,-3.493300944223107,0.8101933125591327,96469.0,2.2247451626369504e-08,6.674235487910851e-08,0.24180499327407645
CD_vs_Healthy,Clostridium sp CAG 242,-3.5049952132471733,-5.514263354581673,2.0092681413344997,115085.0,8.279837903835424e-29,4.843705173743723e-27,0.48144095669020204
CD_vs_Healthy,Eubacterium ramulus,-1.9208719628432958,-1.5478452629482071,-0.37302669989508863,80552.0,0.39324751492826693,0.42210971785878193,0.036912125327446255
CD_vs_Healthy,Lactobacillus rogosae,-3.1977049547657512,-4.296908525896415,1.0992035711306634,103343.0,2.1636853116970605e-14,1.8082227247754004e-13,0.33029111341387285
CD_vs_Healthy,Bacteroides massiliensis,-1.8131093715670437,-3.244983394422311,1.4318740228552675,105747.0,6.467426811990458e-17,7.566889370028836e-16,0.36123679755935867
CD_vs_Healthy,Streptococcus parasanguinis,-1.5262438675282715,-3.773168442231076,2.2469245747028044,109436.0,3.2334242563868428e-21,7.566212759945212e-20,0.40872374798061384
CD_vs_Healthy,Veillonella sp T11011 6,-3.3561775056542813,-3.953383725099602,0.5972062194453205,95985.0,5.05337463428853e-08,1.4781120805293952e-07,0.2355746641865495
CD_vs_Healthy,Eubacterium ventriosum,-1.9152386122778677,-0.7070147450199205,-1.2082238672579473,74262.0,0.3081971948048683,0.3401799225676376,-0.04405640764888752
CD_vs_Healthy,Bifidobacterium bifidum,-2.281686804523425,-1.4222357290836654,-0.8594510754397595,76320.0,0.6846136496734943,0.7088477611663613,-0.017564636446137927
CD_vs_Healthy,Bifidobacterium pseudocatenulatum,-2.8816494313408723,-2.763987641434263,-0.11766178990660947,89970.0,0.0002539337697896771,0.00046422267289675343,0.15814609091903797
CD_vs_Healthy,Coprococcus catus,-2.666437172859451,-3.8703301593625503,1.2038929865030994,104946.0,4.745059413680506e-16,4.626432928338493e-15,0.3509258603711165
CD_vs_Healthy,Parabacteroides goldsteinii,-4.371629166397416,-4.086198,-0.28543116639741584,97030.0,8.381298984049632e-09,2.5805578450889654e-08,0.2490265110800738
UC_vs_Healthy,Bacteroides vulgatus,8.269498807570978,8.215169912350596,0.05432889522038131,43390.0,0.06338307372458342,0.10021377872670623,0.09065316022974357
UC_vs_Healthy,Bacteroides uniformis,9.58672027444795,7.883449705179283,1.7032705692686676,49361.0,8.198833128913955e-07,3.6894749080112795e-06,0.2407405079995475
UC_vs_Healthy,Bacteroides thetaiotaomicron,4.213966826498423,3.445700609561753,0.7682662169366696,46095.0,0.0011576133294165336,0.002881718288122009,0.15864617240815915
UC_vs_Healthy,Faecalibacterium prausnitzii,10.060902820189273,8.669682501992032,1.3912203181972416,52144.0,1.9738777987554715e-10,2.566041138382113e-09,0.31069413198939255
UC_vs_Healthy,Roseburia faecis,1.7907321356466879,5.622710139442231,-3.831978003795543,28363.0,4.117194303571877e-09,3.440798096556497e-08,-0.2870662460567823
UC_vs_Healthy,Bacteroides caccae,4.28717274763407,5.858057677290836,-1.5708849296567662,34390.0,0.0054946834902075,0.012129772987816556,-0.13557127955056747
UC_vs_Healthy,Clostridium clostridioforme,-2.41078052681388,-2.6581535458167327,0.2473730190028527,42875.0,0.11152976317942026,0.1672946447691304,0.0777080950645368
UC_vs_Healthy,Bacteroides fragilis,2.5879174574132495,0.9068770717131475,1.681040385700102,46765.0,0.0003255615753018087,0.0009069215311978958,0.1754873251473601
UC_vs_Healthy,Fusicatenibacter saccharivorans,4.174357845425867,5.788079549800797,-1.61372170437493,36775.0,0.12147226658675772,0.17990196443861586,-0.07562180300878507
UC_vs_Healthy,Flavonifractor plautii,6.394085126182966,5.068256625498008,1.325828500684958,49835.0,2.2839266339645824e-07,1.113414234057734e-06,0.2526549951613106
UC_vs_Healthy,Dialister invisus,-0.5611542397476341,0.4201883784860556,-0.9813426182336897,36678.0,0.10991786270719653,0.1670180511265194,-0.07805999974863953
UC_vs_Healthy,Ruminococcus bicirculans,0.6508242839116719,1.8491667091633461,-1.1983424252516741,35484.0,0.026878669417043213,0.04693737793722472,-0.1080724420928274
UC_vs_Healthy,Blautia sp CAG 257,-3.6859698485804415,-3.034256896414343,-0.6517129521660987,41581.0,0.3548835424840576,0.4613486052292749,0.045182047833900896
UC_vs_Healthy,Ruminococcus gnavus,0.8243839968454258,0.28641232270916317,0.5379716741362627,42392.0,0.1793725437235153,0.25593399531282063,0.06556738346299351
UC_vs_Healthy,Dorea longicatena,5.662638482649842,4.044708035856574,1.6179304467932685,48696.0,4.4706531862552005e-06,1.5384306552701718e-05,0.22402503550466912
UC_vs_Healthy,Eubacterium hallii,1.979965334384858,2.6272357968127484,-0.6472704624278904,38467.0,0.49807433616284447,0.6134178666426611,-0.03309160833008662
UC_vs_Healthy,Clostridium bolteae,1.1459159305993691,1.3403572828685257,-0.1944413522691566,38706.0,0.5792522977383453,0.6714231446404184,-0.027084092651476155
UC_vs_Healthy,Eubacterium sp CAG 38,-0.3135839621451103,0.8047542828685258,-1.118338245013636,36335.0,0.07587298917662146,0.11836186311552946,-0.08668166450915582
UC_vs_Healthy,Clostridium saccharolyticum,-2.8407621419558367,-3.1179172071713146,0.27715506521547795,40282.0,0.7976514141616307,0.8407677068190161,0.012530320358942859
UC_vs_Healthy,Intestinimonas butyriciproducens,-0.11143743848580426,-1.1748987569721114,1.063461318486307,45121.0,0.006001965668693708,0.013004258948836367,0.13416366081415654
UC_vs_Healthy,Anaerostipes hadrus,5.14090610725552,5.919632470119523,-0.7787263628640027,40565.0,0.6876206812205552,0.7662059019314758,0.01964382218759031
UC_vs_Healthy,Anaerotignum lactatifermentans,-2.1440919873817035,-3.199506908366534,1.0554149209848305,44657.0,0.012114528438280814,0.024023725886082294,0.12250053414103834
UC_vs_Healthy,Ruthenibacterium lactatiformans,2.216119429022082,3.6469727609561753,-1.4308533319340935,30240.0,8.966140260381378e-07,3.7725316039808924e-06,-0.23988588233815522
UC_vs_Healthy,Lawsonibacter asaccharolyticus,-0.6926919621451105,0.6005024621513944,-1.2931944242965048,34020.0,0.003007271651055847,0.007180628228031308,-0.14487161763042467
UC_vs_Healthy,Clostridium bolteae CAG 59,-2.4756226119873816,-3.071515980079681,0.5958933680922995,44041.0,0.02840462515492688,0.04887266386950654,0.1070167280405192
UC_vs_Healthy,Clostridium symbiosum,0.2905742429022082,-0.713959019920319,1.0045332628225272,44795.0,0.009884673245215575,0.01993977189121073,0.12596930888433655
UC_vs_Healthy,Anaerotruncus colihominis,-2.959285476340694,-1.1407296374501992,-1.8185558388904948,30816.0,3.902195132899476e-06,1.426740095466371e-05,-0.22540751819221538
UC_vs_Healthy,Agathobaculum butyriciproducens,1.995232258675079,1.0994147928286855,0.8958174658463935,44401.0,0.017454427193125874,0.03403613302659546,0.1160657056317318
UC_vs_Healthy,Escherichia coli,1.1347929432176658,1.7659767410358567,-0.6311837978181909,39243.0,0.7810040238528517,0.8383254200989325,-0.013586034411250947
UC_vs_Healthy,Eisenbergiella massiliensis,-0.09726375078864363,-2.008875474103586,1.9116117233149423,48697.0,4.459643238202972e-06,1.5384306552701718e-05,0.22405017155353346
UC_vs_Healthy,Clostridium citroniae,-3.0754425047318614,-2.601204525896415,-0.4742379788354465,39042.0,0.7028377039329152,0.77270400599262,-0.01863838023301112
UC_vs_Healthy,Bacteroides stercoris,6.874749381703469,5.510445151394422,1.3643042303090471,44374.0,0.018123155673809174,0.03476080678419136,0.11538703231239089
UC_vs_Healthy,Monoglobus pectinilyticus,-3.49211996214511,-3.1171119243027894,-0.3750080378423206,39727.0,0.9769995716271136,0.9835700078799198,-0.0014201867608431007
UC_vs_Healthy,Alistipes putredinis,3.1644612176656155,3.3886215019920325,-0.224160284326417,40826.0,0.5916420634308053,0.6786482492294531,0.026204330941219434
UC_vs_Healthy,Parabacteroides distasonis,6.344625940063092,6.303604410358565,0.041021529704527104,44962.0,0.0076801892006686,0.015764598885582917,0.13016702904470456
UC_vs_Healthy,Roseburia hominis,2.2870683123028392,3.6740880079681273,-1.387019695665288,35285.0,0.020573153079437453,0.038075575622306713,-0.11307451581685879
UC_vs_Healthy,Bifidobacterium longum,3.7873758738170347,4.611003697211156,-0.823627823394121,39824.0,0.9835700078799198,0.9835700078799198,0.0010180099790113584
UC_vs_Healthy,Eubacterium siraeum,-0.37298989589905357,1.532879003984064,-1.9058688998831177,33263.0,0.0007887189100055174,0.0020060894015357725,-0.16389960662083525
UC_vs_Healthy,Parabacteroides merdae,4.360666400630915,3.7355663944223108,0.6251000062086045,42329.0,0.1901096270001108,0.2679858597471441,0.06398381238453132
UC_vs_Healthy,Roseburia inulinivorans,4.8172539179810725,3.9252767330677294,0.8919771849133431,46371.0,0.000695828234829323,0.0018091534105562396,0.16558372189475534
UC_vs_Healthy,Bacteroides cellulosilyticus,-1.8937690977917985,-3.441119880478088,1.5473507826862893,50273.0,6.660246185721278e-08,4.0442637240802175e-07,0.2636645845639525
UC_vs_Healthy,Bacteroides ovatus,7.594426268138802,8.487175302788845,-0.8927490346500431,41655.0,0.33541899862976565,0.44094407685036613,0.04704211544987236
UC_vs_Healthy,Blautia wexlerae,3.066311596214511,2.712107884462151,0.35420371175235976,38575.0,0.5339940882569268,0.6440959621243344,-0.030376915052722886
UC_vs_Healthy,Bifidobacterium adolescentis,1.605655378548896,1.0961226812749005,0.5095326972739955,43584.0,0.050421265326603196,0.0830885639889095,0.09552955370945249
UC_vs_Healthy,Eubacterium eligens,3.816456624605678,2.884120147410359,0.9323364771953191,47347.0,9.872815289346394e-05,0.00028877984721338204,0.19011650558648685
UC_vs_Healthy,Clostridium leptum,0.40152616088328075,2.310387860557769,-1.9088616996744883,29596.0,1.5660190874900423e-07,8.328374238015225e-07,-0.2560734978068797
UC_vs_Healthy,Bacteroides xylanisolvens,2.829423823343849,2.2001712350597615,0.6292525882840874,40217.0,0.8235950297208282,0.8527488360826274,0.010896477182751552
UC_vs_Healthy,Sutterella parvirubra,-3.335688507886436,-3.417560219123507,0.08187171123707104,40860.0,0.5796045949460022,0.6714231446404184,0.027058956602611595
UC_vs_Healthy,Bacteroides dorei,1.9471759211356463,-1.530245442231076,3.477421363366722,51867.0,4.947828630081974e-10,5.262690451996282e-09,0.3037314464539318
UC_vs_Healthy,Clostridium lavalense,-1.6057258738170346,-3.249615737051793,1.6438898632347583,49896.0,1.9294349339192066e-07,9.814951620371617e-07,0.2541882941420439
UC_vs_Healthy,Eubacterium rectale,5.564037233438486,6.4249522470119524,-0.8609150135734662,39646.0,0.9437699257805592,0.9601833157941342,-0.0034562067188658174
UC_vs_Healthy,Akkermansia muciniphila,-1.9431197728706626,2.152163123505976,-4.095282896376639,25819.0,6.519360253224928e-13,1.906912874068291e-11,-0.3510123543680169
UC_vs_Healthy,Acidaminococcus intestini,-3.900200646687697,-4.346289434262948,0.44608878757525083,44119.0,0.025627563696343524,0.04612961465341834,0.10897733985194868
UC_vs_Healthy,Ruminococcus torques,1.6582508580441642,4.081936613545817,-2.423685755501652,30528.0,1.8904368564389475e-06,7.372703740111896e-06,-0.2326467002651853
UC_vs_Healthy,Sellimonas intestinalis,-3.8981756529968457,-3.0640730517928283,-0.8341026012040174,38431.0,0.48639325020015844,0.6054043646108355,-0.03399650608920779
UC_vs_Healthy,Bacteroides faecis,-1.8706319495268138,-1.1815432071713146,-0.6890887423554992,41195.0,0.46757393408885706,0.588238175144046,0.03547953297221218
UC_vs_Healthy,Roseburia intestinalis,4.053650940063092,1.9267653426294822,2.1268855974336094,50058.0,1.2270886931190802e-07,6.83663700452059e-07,0.25826033405808935
UC_vs_Healthy,Collinsella aerofaciens,2.7342764952681384,2.31389403187251,0.42038246339562857,41905.0,0.27484854284601334,0.3696239024480869,0.05332612766599221
UC_vs_Healthy,Bacteroides intestinalis,-4.3195143974763415,-3.99297958565737,-0.32653481181897126,42561.0,0.15280412280530759,0.22347602960276233,0.06981537572109042
UC_vs_Healthy,Bacteroides faecis CAG 32,-3.378002050473186,-1.4988045577689242,-1.8791974927042618,38085.0,0.38201495574123123,0.4858233676274354,-0.04269357899631754
UC_vs_Healthy,Ruminococcus lactaris,-0.5481889873817033,-1.510838290836653,0.9626493034549498,48315.0,1.1228339605061424e-05,3.550583064303207e-05,0.21444820088730254
UC_vs_Healthy,Prevotella copri,-2.2809497129337535,-2.5814167131474104,0.3004670002136569,42452.0,0.1695722425078391,0.24493768362243423,0.06707554639486224
UC_vs_Healthy,Eisenbergiella tayi,-3.0699804100946375,-0.5813613386454183,-2.4886190714492193,27646.0,4.14276770292632e-10,4.847038212423795e-09,-0.3050887930926137
UC_vs_Healthy,Intestinibacter bartlettii,-3.4094553880126175,-2.602248382470119,-0.8072070055424985,38608.0,0.5452248222431151,0.6509316755351476,-0.029547425440195063
UC_vs_Healthy,Erysipelatoclostridium ramosum,-3.5112258233438487,-4.637099868525897,1.125874045182048,52331.0,1.0495667613233679e-10,1.5349913884354254e-09,0.3153945731270502
UC_vs_Healthy,Barnesiella intestinihominis,-2.1919409652996844,-1.536534513944223,-0.6554064513554614,43086.0,0.08913376355359322,0.1372190833654001,0.08301180137494191
UC_vs_Healthy,Blautia obeum,3.0150789369085174,1.836769215139442,1.1783097217690754,48770.0,3.72244118704485e-06,1.404921351239508e-05,0.22588510312064036
UC_vs_Healthy,Bacteroides finegoldii,-2.3037828895899053,-2.66935476494024,0.36557187535033453,41811.0,0.2966841997878189,0.39445512926335013,0.050963339072731095
UC_vs_Healthy,Parasutterella excrementihominis,4.43933785488959,3.357432055776892,1.0819057991126981,47651.0,5.1172492621088755e-05,0.00015755741149124696,0.1977578644412885
UC_vs_Healthy,Phascolarctobacterium faecium,0.40299174447949526,0.06913656573705186,0.3338551787424434,41934.0,0.2683392924005946,0.36506624663801823,0.05405507308306201
UC_vs_Healthy,Lachnospira pectinoschiza,0.41818476971608826,1.386372764940239,-0.9681879952241508,39052.0,0.7066609285573533,0.77270400599262,-0.018387019744366406
UC_vs_Healthy,Clostridium sp CAG 58,0.0011370630914825238,0.5937474661354583,-0.5926104030439757,40301.0,0.7901085523801551,0.8403881875316195,0.013007905287367949
UC_vs_Healthy,Bilophila wadsworthia,-0.517533123028391,-0.14973545019920312,-0.36779767282918796,39077.0,0.7162512389110336,0.7759388421536196,-0.0177586185227544
UC_vs_Healthy,Turicimonas muris,1.4612083249211356,-0.31408383266932277,1.7752921575904583,48585.0,5.868786908145782e-06,1.9618516235801615e-05,0.22123493408071182
UC_vs_Healthy,Proteobacteria bacterium CAG 139,3.203452621451104,0.6930089601593623,2.510443661291742,51243.0,3.6461942544615123e-09,3.281574829015361e-08,0.28804655196249707
UC_vs_Healthy,Anaeromassilibacillus sp An250,-1.0418293217665615,-1.8986757011952191,0.8568463794286576,44989.0,0.007368469751007219,0.015394838586925795,0.13084570236404547
UC_vs_Healthy,Hungatella hathewayi,-3.932246498422713,-0.7828890756972112,-3.149357422725502,28027.0,1.4270416879805007e-09,1.3913656457809882e-08,-0.29551195847524725
UC_vs_Healthy,Alistipes finegoldii,1.5314597255520506,5.523440705179284,-3.9919809796272334,21772.0,1.8150633464976972e-20,2.1236241154023057e-18,-0.4527379441225634
UC_vs_Healthy,Ruminococcus bromii,-1.0877303438485808,2.061706665338645,-3.149437009187226,30067.0,5.66985380307889e-07,2.6534915798409205e-06,-0.24423441879171015
UC_vs_Healthy,Odoribacter splanchnicus,0.12886887066246053,2.02621909561753,-1.8973502249550696,32885.0,0.00038328763100942706,0.0010191966551841584,-0.17340103309160837
UC_vs_Healthy,Butyricimonas virosa,-2.4981529684542587,-3.517412342629482,1.0192593741752232,47454.0,7.854923662180151e-05,0.00023564770986540454,0.19280606281498613
UC_vs_Healthy,Oscillibacter sp CAG 241,-2.7452391892744483,-2.4407483227091635,-0.3044908665652848,40044.0,0.8935155902070434,0.9170291583703867,0.006547940729196844
UC_vs_Healthy,Alistipes indistinctus,-3.4195177697160886,-3.4314346772908366,0.011916907574748059,44273.0,0.020827665297672052,0.038075575622306713,0.11284829137707852
UC_vs_Healthy,Coprococcus comes,2.486089186119874,1.1222684820717133,1.3638207040481607,49311.0,9.35071936029452e-07,3.7725316039808924e-06,0.2394837055563237
UC_vs_Healthy,Gemmiger formicilis,-2.3920750883280757,-0.25259320717131467,-2.139481881156761,29190.0,4.934730255542054e-08,3.207574666102335e-07,-0.2662787336458582
UC_vs_Healthy,Holdemania filiformis,-1.268089599369085,-1.8423874581673307,0.5742978587982457,44099.0,0.026316256303174385,0.04665154526471823,0.10847461887465903
UC_vs_Healthy,Firmicutes bacterium CAG 83,-1.1433258422712933,1.5173096135458166,-2.66063545581711,29307.0,6.913271323214048e-08,4.0442637240802175e-07,-0.2633378159287142
UC_vs_Healthy,Dorea formicigenerans,1.858424470031546,1.695425342629482,0.1629991274020639,40805.0,0.5991338731569177,0.6805695452364987,0.025676473915065223
UC_vs_Healthy,Collinsella intestinalis,-4.315341930599368,-4.808824936254981,0.4934830056556123,45746.0,0.002144563116221468,0.005227372595789829,0.14987369135445605
UC_vs_Healthy,Oscillibacter sp 57 20,1.599708949526814,-1.2647071354581674,2.864416084984981,53278.0,3.726536720941208e-12,7.591775847179653e-11,0.3391984114017117
UC_vs_Healthy,Firmicutes bacterium CAG 94,-2.561495832807571,-3.8302052669322713,1.2687094341247,50631.0,2.3448897882141524e-08,1.613835913065034e-07,0.27266329005743595
UC_vs_Healthy,Dielma fastidiosa,-1.86446605362776,-4.057694689243028,2.1932286356152675,53266.0,3.893218383169053e-12,7.591775847179653e-11,0.3388967788153381
UC_vs_Healthy,Streptococcus thermophilus,-3.285788078864353,-3.5508567450199204,0.26506866615556746,42083.0,0.2365692679635436,0.3256306394321718,0.057800344363869494
UC_vs_Healthy,Clostridium innocuum,-4.080713028391167,-3.9567351155378483,-0.12397791285331872,43455.0,0.05876344394805044,0.09418250605372468,0.09228700340593465
UC_vs_Healthy,Haemophilus parainfluenzae,-0.21195480441640382,-0.7062113306772908,0.494256526260887,43804.0,0.03848640799792668,0.06525956138778871,0.10105948445963775
UC_vs_Healthy,Veillonella dispar,-1.953249167192429,-1.2854242470119521,-0.6678249201804769,40224.0,0.8207912776360047,0.8527488360826274,0.011072429524803029
UC_vs_Healthy,Veillonella parvula,-1.8339419337539429,-0.4231216613545816,-1.4108202723993613,37320.0,0.20478423324485528,0.28523518201961984,-0.06192265637764405
UC_vs_Healthy,Veillonella infantium,-3.2292872113564663,-3.090778864541833,-0.1385083468146333,43644.0,0.046893281923270025,0.07837877121460847,0.09703771664132121
UC_vs_Healthy,Clostridium spiroforme,-3.0732356593059937,-4.76461744621514,1.691381786909146,52664.0,3.332535658372358e-11,5.570095314708084e-10,0.3237648773989217
UC_vs_Healthy,Streptococcus salivarius,-2.681555662460567,-2.8721483705179285,0.19059270805736128,43505.0,0.05540319763593201,0.09003019615838952,0.09354380584915867
UC_vs_Healthy,Veillonella atypica,-2.4024099716088325,-2.8319995537848603,0.42958958217602783,45063.0,0.0065714857220163314,0.01397934235410747,0.13270576998001693
UC_vs_Healthy,Paraprevotella xylaniphila,-2.292796861198738,-4.714116470119522,2.4213196089207836,55069.0,3.567685134040789e-15,2.0870958034138613e-13,0.3842170749179936
UC_vs_Healthy,Bacteroides eggerthii,-3.9017314132492107,-0.3664500836653388,-3.5352813295838716,28632.0,9.416122664705845e-09,7.34457567847056e-08,-0.2803046489122375
UC_vs_Healthy,Alistipes shahii,0.31150221135646694,0.2499658446215139,0.06153636673495305,40941.0,0.5513997092949119,0.6516542018939868,0.029094976560634533
UC_vs_Healthy,Butyricimonas synergistica,-3.16756976340694,-3.7607025816733066,0.5931328182663664,47268.0,0.0001166676850769374,0.00033292973546345553,0.18813075772619303
UC_vs_Healthy,Haemophilus sp HMSC71H05,-2.843926239747634,-3.493300944223107,0.649374704475473,45525.0,0.0031199345157280783,0.007300646766803704,0.14431862455540623
UC_vs_Healthy,Clostridium sp CAG 242,-2.653780703470032,-5.514263354581673,2.8604826511116412,54846.0,8.873165271179376e-15,3.460534455759957e-13,0.3786117360212149
UC_vs_Healthy,Eubacterium ramulus,-2.3165605141955834,-1.5478452629482071,-0.7687152512473763,38496.0,0.5075915463856071,0.6186271971574587,-0.032362662913016704
UC_vs_Healthy,Lactobacillus rogosae,-3.101448829652997,-4.296908525896415,1.1954596962434176,48363.0,1.0018729347668196e-05,3.256087037992163e-05,0.21565473123279744
UC_vs_Healthy,Bacteroides massiliensis,-0.5455649053627757,-3.244983394422311,2.6994184890595356,50912.0,1.0097497664598492e-08,7.383795167237647e-08,0.2797265197883545
UC_vs_Healthy,Streptococcus parasanguinis,-2.826173296529969,-3.773168442231076,0.946995145701107,49319.0,9.15648598624935e-07,3.7725316039808924e-06,0.23968479394723952
UC_vs_Healthy,Veillonella sp T11011 6,-3.8907662839116712,-3.953383725099602,0.06261744118793056,44360.0,0.018478657116142876,0.03487101423530188,0.11503512762828816
UC_vs_Healthy,Eubacterium ventriosum,-1.2063956940063092,-0.7070147450199205,-0.49938094898638874,38985.0,0.6811911308488727,0.7662059019314758,-0.0200711350182865
UC_vs_Healthy,Bifidobacterium bifidum,-1.918706406940063,-1.4222357290836654,-0.49647067785639765,38070.0,0.3778242776096463,0.4857740712124024,-0.04307061972928472
UC_vs_Healthy,Bifidobacterium pseudocatenulatum,-2.331134769716088,-2.763987641434263,0.432852871718175,45352.0,0.0041490594693384345,0.009335383806011479,0.1399700881018513
UC_vs_Healthy,Coprococcus catus,-3.131832059936908,-3.8703301593625503,0.7384980994256423,45467.0,0.0034356415900522784,0.007881766000708168,0.1428607337212664
UC_vs_Healthy,Parabacteroides goldsteinii,-3.8104273690851733,-4.086198,0.2757706309148271,46714.0,0.00035998285428869665,0.0009794882314366862,0.17420538665527174
CD_vs_UC,Bacteroides vulgatus,9.208927321486268,8.269498807570978,0.9394285139152903,107477.0,0.01673359921941732,0.02978824513463016,0.09545771902376377
CD_vs_UC,Bacteroides uniformis,7.896488562197092,9.58672027444795,-1.690231712250858,88299.0,0.01218620031834338,0.02263151487692342,-0.10001375985485905
CD_vs_UC,Bacteroides thetaiotaomicron,4.385135649434572,4.213966826498423,0.1711688229361492,101595.0,0.37356564477733256,0.44599163713212153,0.035505521778792515
CD_vs_UC,Faecalibacterium prausnitzii,8.386967155088854,10.060902820189273,-1.6739356651004194,89202.0,0.022845202508053147,0.039307186668267914,-0.0908099458269418
CD_vs_UC,Roseburia faecis,5.260186096930532,1.7907321356466879,3.469453961283844,129309.0,1.5866533275107994e-15,4.640960982969088e-14,0.317980053306697
CD_vs_UC,Bacteroides caccae,5.35985439256866,4.28717274763407,1.0726816449345895,112123.0,0.000344332182565652,0.001007171634004532,0.14281200470892808
CD_vs_UC,Clostridium clostridioforme,-0.5160589289176092,-2.41078052681388,1.8947215978962708,116901.0,1.5859295894470485e-06,8.434261907513849e-06,0.19151169842475135
CD_vs_UC,Bacteroides fragilis,2.5680681211631664,2.5879174574132495,-0.019849336250083116,99926.0,0.6430569359352685,0.6966450139298741,0.01849426417902089
CD_vs_UC,Fusicatenibacter saccharivorans,4.1015146074313416,4.174357845425867,-0.07284323799452519,98057.0,0.9889930772673938,0.9889930772673938,-0.0005554904369008407
CD_vs_UC,Flavonifractor plautii,6.746316996768981,6.394085126182966,0.35223187058601546,105544.0,0.057606679367855955,0.08641001905178394,0.0757556453626742
CD_vs_UC,Dialister invisus,1.2249410080775442,-0.5611542397476341,1.7860952478251784,120169.0,1.750794957802134e-08,1.7070250838570805e-07,0.22482073966864236
CD_vs_UC,Ruminococcus bicirculans,-0.14536745072697912,0.6508242839116719,-0.796191734638651,92893.0,0.1825118632166729,0.23726542218167476,-0.05318948339389373
CD_vs_UC,Blautia sp CAG 257,-2.337568171243942,-3.6859698485804415,1.3484016773364997,117803.0,4.891287731160106e-07,2.8614033227286616e-06,0.2007053199675879
CD_vs_UC,Ruminococcus gnavus,2.350214205169628,0.8243839968454258,1.5258302083242024,116927.0,1.5341584933373764e-06,8.434261907513849e-06,0.1917767030368509
CD_vs_UC,Dorea longicatena,2.8627939386106624,5.662638482649842,-2.7998445440391797,69679.0,3.768580234831532e-13,7.348731457921487e-12,-0.28979783205842335
CD_vs_UC,Eubacterium hallii,0.8440089030694669,1.979965334384858,-1.1359564313153911,85457.0,0.0012259975337008651,0.0031875935876222493,-0.1289808024543504
CD_vs_UC,Clostridium bolteae,1.34224063812601,1.1459159305993691,0.19632470752664077,103701.0,0.15333750274684566,0.20386917978841979,0.056970895358851914
CD_vs_UC,Eubacterium sp CAG 38,0.07735329240710828,-0.3135839621451103,0.3909372545522186,106921.0,0.024419370935609926,0.04140675941255596,0.08979069731886691
CD_vs_UC,Clostridium saccharolyticum,-1.9069691599353795,-2.8407621419558367,0.9337929820204571,115672.0,7.2533668066816345e-06,3.375316916940047e-05,0.17898513426050977
CD_vs_UC,Intestinimonas butyriciproducens,-0.8972496090468496,-0.11143743848580426,-0.7858121705610454,90531.0,0.052807814914420215,0.08024044603879435,-0.0772641331546251
CD_vs_UC,Anaerostipes hadrus,4.329771429725363,5.14090610725552,-0.8111346775301573,95171.0,0.4525972211789099,0.5141152900770142,-0.029971002379945322
CD_vs_UC,Anaerotignum lactatifermentans,-2.0494753715670435,-2.1440919873817035,0.09461661581465997,108957.0,0.005595136396940978,0.012122795526705452,0.11054259694327362
CD_vs_UC,Ruthenibacterium lactatiformans,1.7867421098546044,2.216119429022082,-0.42937731916747746,95939.0,0.578970955688294,0.6390528473163245,-0.022143173837929297
CD_vs_UC,Lawsonibacter asaccharolyticus,-0.0069244911147010825,-0.6926919621451105,0.6857674710304095,108562.0,0.007591946020728309,0.015055214990257835,0.10651656533637754
CD_vs_UC,Clostridium bolteae CAG 59,-1.7196707802907916,-2.4756226119873816,0.7559518316965901,109035.0,0.005262066418993001,0.011616259830607191,0.11133761077957227
CD_vs_UC,Clostridium symbiosum,-0.18282064943457177,0.2905742429022082,-0.47339489233677995,94574.0,0.3662023435995222,0.44599163713212153,-0.03605591597315294
CD_vs_UC,Anaerotruncus colihominis,-2.427268704361874,-2.959285476340694,0.53201677197882,108535.0,0.007749337115911277,0.015111207376026992,0.10624136823919716
CD_vs_UC,Agathobaculum butyriciproducens,0.40073643457189007,1.995232258675079,-1.594495824103189,80579.0,7.500704259866772e-06,3.375316916940047e-05,-0.17869974467824867
CD_vs_UC,Escherichia coli,2.0556459612277864,1.1347929432176658,0.9208530180101206,105980.0,0.04442425021754129,0.06897474558047861,0.08019956885788115
CD_vs_UC,Eisenbergiella massiliensis,-0.757994957996769,-0.09726375078864363,-0.6607312072081253,93992.0,0.29266405040608023,0.3681902569624881,-0.04198794229014946
CD_vs_UC,Clostridium citroniae,-1.7024929046849755,-3.0754425047318614,1.372949600046886,118269.0,2.610710904961736e-07,1.6969620882251284e-06,0.20545501801521748
CD_vs_UC,Bacteroides stercoris,3.0862922730210016,6.874749381703469,-3.7884571086824677,70620.0,2.168089685017976e-12,3.623807044958617e-11,-0.2802067035974376
CD_vs_UC,Monoglobus pectinilyticus,-2.399877949919224,-3.49211996214511,1.0922420122258858,115124.0,1.3856973505780075e-05,5.229890000568609e-05,0.17339965243625866
CD_vs_UC,Alistipes putredinis,5.429756066235864,3.1644612176656155,2.2652948485702487,118143.0,3.097928809660089e-07,1.9076719512117387e-06,0.20417076489504282
CD_vs_UC,Parabacteroides distasonis,5.637873817447496,6.344625940063092,-0.7067521226155957,93596.0,0.24872044104763158,0.3163075174192706,-0.046024166382126475
CD_vs_UC,Roseburia hominis,1.9166454523424878,2.2870683123028392,-0.3704228599603514,96356.0,0.6538962862182738,0.7018886741975966,-0.017892907559256543
CD_vs_UC,Bifidobacterium longum,2.4051898756058154,3.7873758738170347,-1.3821859982112192,88122.0,0.010712961574981457,0.020547811545456235,-0.10181782971415176
CD_vs_UC,Eubacterium siraeum,0.6041868206785136,-0.37298989589905357,0.9771767165775671,110711.0,0.001287683147264734,0.003275194091955954,0.12842021577490925
CD_vs_UC,Parabacteroides merdae,3.891107432956381,4.360666400630915,-0.4695589676745344,94608.0,0.3708278768742045,0.44599163713212153,-0.03570937148040754
CD_vs_UC,Roseburia inulinivorans,2.786846240710824,4.8172539179810725,-2.0304076772702486,80991.0,1.221546072441071e-05,5.104317516985904e-05,-0.17450044082497973
CD_vs_UC,Bacteroides cellulosilyticus,-0.5375812245557351,-1.8937690977917985,1.3561878732360633,111260.0,0.0007823478100367299,0.00208033394941585,0.13401589008424097
CD_vs_UC,Bacteroides ovatus,5.952291812600969,7.594426268138802,-1.6421344555378328,74612.0,1.9326116876936495e-09,2.055596067819609e-08,-0.2395183031550837
CD_vs_UC,Blautia wexlerae,1.6525224862681744,3.066311596214511,-1.4137891099463364,84590.0,0.0005518106259982106,0.0015371867438521583,-0.1378176870193606
CD_vs_UC,Bifidobacterium adolescentis,-1.9408687415185784,1.605655378548896,-3.5465241200674744,66456.0,6.114528867246041e-16,2.384666258225956e-14,-0.3226482114736805
CD_vs_UC,Eubacterium eligens,2.982071285945073,3.816456624605678,-0.834385338660605,94408.0,0.34413920083168537,0.42834347337560835,-0.037747868496557535
CD_vs_UC,Clostridium leptum,-0.15231078675282722,0.40152616088328075,-0.553836947636108,94758.0,0.39166450782765383,0.458247474158355,-0.03418049871829498
CD_vs_UC,Bacteroides xylanisolvens,4.141467765751211,2.829423823343849,1.3120439424073624,116635.0,2.221696972549943e-06,1.1301675903841015e-05,0.18880049739327198
CD_vs_UC,Sutterella parvirubra,-1.5618069079159935,-3.335688507886436,1.7738815999704423,119815.0,2.9472534484543456e-08,2.4630618104939886e-07,0.22121259995005693
CD_vs_UC,Bacteroides dorei,1.379861450726979,1.9471759211356463,-0.5673144704086672,94680.0,0.380742188339526,0.4499680407648944,-0.034975512554593524
CD_vs_UC,Clostridium lavalense,-1.3429381486268173,-1.6057258738170346,0.2627877251902173,101156.0,0.436768677692299,0.5009993655882253,0.031031020828343303
CD_vs_UC,Eubacterium rectale,6.256187179321486,5.564037233438486,0.692149945883,106558.0,0.030948888341702226,0.05172885622827372,0.08609082523455447
CD_vs_UC,Akkermansia muciniphila,-1.1605325799676898,-1.9431197728706626,0.7825871929029729,110198.0,0.0020174401154494015,0.004917510281407916,0.12319147092848448
CD_vs_UC,Acidaminococcus intestini,-2.10581801453958,-3.900200646687697,1.794382632148117,124167.0,2.8068793611131558e-11,3.648943169447102e-10,0.26557029502148066
CD_vs_UC,Ruminococcus torques,0.1442811389337641,1.6582508580441642,-1.5139697191104,84623.0,0.0005693153771817146,0.0015490674216339674,-0.1374813350116959
CD_vs_UC,Sellimonas intestinalis,-3.834717529886914,-3.8981756529968457,0.06345812310993182,110517.0,0.0015288606464841524,0.0038058871412477834,0.12644287366924356
CD_vs_UC,Bacteroides faecis,-1.4269138723747978,-1.8706319495268138,0.44371807715201594,106519.0,0.031732366439708816,0.05229136441473143,0.08569331831640525
CD_vs_UC,Roseburia intestinalis,1.9118195945072696,4.053650940063092,-2.141831345555822,82503.0,6.679275692533078e-05,0.00021707646000732503,-0.1590894033828858
CD_vs_UC,Collinsella aerofaciens,1.788605256865913,2.7342764952681384,-0.9456712384022254,88278.0,0.012002493566507335,0.02263151487692342,-0.10022780204155479
CD_vs_UC,Bacteroides intestinalis,-2.2430229886914375,-4.3195143974763415,2.076491408784904,128936.0,3.4151930332102628e-15,7.991551697712015e-14,0.31417825637157715
CD_vs_UC,Bacteroides faecis CAG 32,-3.0180590355411954,-3.378002050473186,0.35994301493199066,109613.0,0.0033012311178754186,0.007427770015219692,0.11722886715624581
CD_vs_UC,Ruminococcus lactaris,-2.8604807205169624,-0.5481889873817033,-2.3122917331352593,73102.0,1.668245846553614e-10,1.9518476404677283e-09,-0.2549089556270162
CD_vs_UC,Prevotella copri,-2.1450446494345723,-2.2809497129337535,0.1359050634991812,115238.0,1.2129933273219431e-05,5.104317516985904e-05,0.17456159573546426
CD_vs_UC,Eisenbergiella tayi,-2.753348581583199,-3.0699804100946375,0.3166318285114387,106339.0,0.03557250346538721,0.05701346445822334,0.08385867100187028
CD_vs_UC,Intestinibacter bartlettii,-2.5657399273021,-3.4094553880126175,0.8437154607105173,107471.0,0.016803625460560603,0.02978824513463016,0.09539656411327924
CD_vs_UC,Erysipelatoclostridium ramosum,-2.1412355379644588,-3.5112258233438487,1.36999028537939,109614.0,0.003298511639639872,0.007427770015219692,0.11723905964132642
CD_vs_UC,Barnesiella intestinihominis,-0.7389690436187398,-2.1919409652996844,1.4529719216809447,115129.0,1.3776543559175423e-05,5.229890000568609e-05,0.17345061486166258
CD_vs_UC,Blautia obeum,1.94654150726979,3.0150789369085174,-1.0685374296387273,86291.0,0.002530277908172135,0.006036731671791892,-0.12048026989700489
CD_vs_UC,Bacteroides finegoldii,-2.362406489499192,-2.3037828895899053,-0.05862359990928656,108694.0,0.006862982911837036,0.014087175450612863,0.10786197336703651
CD_vs_UC,Parasutterella excrementihominis,1.7491132568659125,4.43933785488959,-2.690224598023678,79967.0,3.564006577040252e-06,1.737453206307123e-05,-0.18493754554766773
CD_vs_UC,Phascolarctobacterium faecium,-0.7898517915993537,0.40299174447949526,-1.192843536078849,91385.0,0.08573920825219364,0.119422468636984,-0.06855975089566457
CD_vs_UC,Lachnospira pectinoschiza,-1.2212709337641359,0.41818476971608826,-1.6394557034802242,90898.0,0.06536838093635078,0.09326951914089075,-0.0735234911299899
CD_vs_UC,Clostridium sp CAG 58,-0.4032796413570274,0.0011370630914825238,-0.4044167044485099,95274.0,0.4685880240127791,0.522140941042811,-0.02892117641662806
CD_vs_UC,Bilophila wadsworthia,1.1719760662358645,-0.517533123028391,1.6895091892642555,118433.0,2.0863218229368878e-07,1.4358803134330345e-06,0.2071265855684603
CD_vs_UC,Turicimonas muris,-0.44872607754442667,1.4612083249211356,-1.9099344024655622,77523.0,1.442995689802402e-07,1.0551905981680063e-06,-0.20984797908502062
CD_vs_UC,Proteobacteria bacterium CAG 139,0.5539554410339257,3.203452621451104,-2.6494971804171783,71838.0,1.9190169383584124e-11,2.8065622723491776e-10,-0.26779225676908414
CD_vs_UC,Anaeromassilibacillus sp An250,-2.4953484620355413,-1.0418293217665615,-1.4535191402689798,81636.0,2.5658734275900002e-05,9.09718760691e-05,-0.167926287947896
CD_vs_UC,Hungatella hathewayi,-1.6839303957996767,-3.932246498422713,2.2483161026230363,130660.0,9.163494350619413e-17,5.360644195112356e-15,0.33175010065079014
CD_vs_UC,Alistipes finegoldii,2.652802814216478,1.5314597255520506,1.1213430886644276,114342.0,3.3783937569339526e-05,0.00011625649104743307,0.16542912910311225
CD_vs_UC,Ruminococcus bromii,-1.4598824636510501,-1.0877303438485808,-0.3721521198024693,99202.0,0.780654566128371,0.8084521688518898,0.011114904980557894
CD_vs_UC,Odoribacter splanchnicus,3.643140006462035,0.12886887066246053,3.5142711357995746,138085.0,1.751385840793376e-24,2.0491214337282497e-22,0.40742930237535857
CD_vs_UC,Butyricimonas virosa,-2.521717630048465,-2.4981529684542587,-0.02356466159420645,104031.0,0.1304962936027262,0.17962431001787016,0.060334415435499444
CD_vs_UC,Oscillibacter sp CAG 241,-2.9292169951534732,-2.7452391892744483,-0.1839778058790249,103719.0,0.15201794907001662,0.20386917978841979,0.0571543600903055
CD_vs_UC,Alistipes indistinctus,-1.9863908642972536,-3.4195177697160886,1.433126905418835,119852.0,2.7921495741914496e-08,2.4630618104939886e-07,0.2215897218980445
CD_vs_UC,Coprococcus comes,1.4942916478190629,2.486089186119874,-0.9917975383008111,87316.0,0.005818528855580854,0.012377597747326545,-0.11003297268923617
CD_vs_UC,Gemmiger formicilis,-1.581822786752827,-2.3920750883280757,0.8102523015752487,113023.0,0.0001393238820549033,0.0004289709000111496,0.15198524128160318
CD_vs_UC,Holdemania filiformis,-1.323662873990307,-1.268089599369085,-0.05557327462122186,99166.0,0.7877226260608157,0.8084521688518898,0.010747975517650943
CD_vs_UC,Firmicutes bacterium CAG 83,-0.6639658449111471,-1.1433258422712933,0.47935999736014623,107846.0,0.012890540171320646,0.023565518750695555,0.09921874601856051
CD_vs_UC,Dorea formicigenerans,0.6977148239095315,1.858424470031546,-1.1607096461220143,89788.0,0.03347778801094593,0.05440140551778714,-0.0848371495696223
CD_vs_UC,Collinsella intestinalis,-3.838369751211632,-4.315341930599368,0.4769721793877362,109909.0,0.002579799859740125,0.006036731671791892,0.1202458427401476
CD_vs_UC,Oscillibacter sp 57 20,1.214207578352181,1.599708949526814,-0.3855013711746329,98917.0,0.8370594946532273,0.851617051081979,0.008210046732544107
CD_vs_UC,Firmicutes bacterium CAG 94,-3.5500304006462033,-2.561495832807571,-0.9885345678386321,87454.0,0.006477411750678352,0.013533163836238699,-0.10862640974809268
CD_vs_UC,Dielma fastidiosa,-2.631792185783522,-1.86446605362776,-0.7673261321557618,90156.0,0.04212412832795791,0.06660166235636589,-0.08108631505990638
CD_vs_UC,Streptococcus thermophilus,-3.012616008077545,-3.285788078864353,0.27317207078680816,112525.0,0.00023128462973928023,0.0006938538892178408,0.1469093837113895
CD_vs_UC,Clostridium innocuum,-3.0047907415185784,-4.080713028391167,1.0759222868725886,113968.0,5.104545134376208e-05,0.0001706376516348618,0.1616171396829118
CD_vs_UC,Haemophilus parainfluenzae,0.5408061760904685,-0.21195480441640382,0.7527609805068723,107382.0,0.017872965621578828,0.031210999667533178,0.09448943294109258
CD_vs_UC,Veillonella dispar,-1.3582308885298868,-1.953249167192429,0.5950182786625422,103773.0,0.14811115128084662,0.20150005464952386,0.057704754284665816
CD_vs_UC,Veillonella parvula,0.24067618416801295,-1.8339419337539429,2.074618117921956,118768.0,1.3127235120593744e-07,1.0239243394063121e-06,0.21054106807051154
CD_vs_UC,Veillonella infantium,-2.6694642310177703,-3.2292872113564663,0.559822980338696,103153.0,0.19780098428803583,0.2543155512274746,0.05138541353460102
CD_vs_UC,Clostridium spiroforme,-2.827868630048465,-3.0732356593059937,0.24536702925752873,101696.0,0.3598677835797337,0.4432055860929352,0.03653496277194823
CD_vs_UC,Streptococcus salivarius,-1.5416451631663974,-2.681555662460567,1.1399104992941698,114710.0,2.2317223539024e-05,8.159734856455649e-05,0.16917996361282817
CD_vs_UC,Veillonella atypica,-1.5200714119547658,-2.4024099716088325,0.8823385596540667,108612.0,0.00730803048109073,0.014742061487717506,0.10702618959041499
CD_vs_UC,Paraprevotella xylaniphila,-2.5165077108239093,-2.292796861198738,-0.22371084962517118,105457.0,0.0605931139389603,0.08973916874504247,0.07486889916064876
CD_vs_UC,Bacteroides eggerthii,-4.005019568659128,-3.9017314132492107,-0.10328815540991698,111760.0,0.0004890151190712817,0.0013954821690570721,0.13911213262461586
CD_vs_UC,Alistipes shahii,0.5801406155088853,0.31150221135646694,0.26863840415241835,105966.0,0.0448041082403109,0.06897474558047861,0.08005687406675066
CD_vs_UC,Butyricimonas synergistica,-3.5944193780290794,-3.16756976340694,-0.4268496146221392,100953.0,0.4679612416138663,0.522140941042811,0.02896194635695104
CD_vs_UC,Haemophilus sp HMSC71H05,-2.683107631663974,-2.843926239747634,0.16081860808365978,103370.0,0.17918142067481746,0.2355531035837488,0.05359718279712378
CD_vs_UC,Clostridium sp CAG 242,-3.5049952132471733,-2.653780703470032,-0.8512145097771415,97027.0,0.7818313355469646,0.8084521688518898,-0.011053750070073365
CD_vs_UC,Eubacterium ramulus,-1.9208719628432958,-2.3165605141955834,0.39568855135228764,104988.0,0.07897989947839992,0.11133311131292518,0.07008862365777713
CD_vs_UC,Lactobacillus rogosae,-3.1977049547657512,-3.101448829652997,-0.09625612511275428,105414.0,0.06211589555000118,0.09084449724187672,0.07443062230217667
CD_vs_UC,Bacteroides massiliensis,-1.8131093715670437,-0.5455649053627757,-1.267544466204268,100250.0,0.5849268436056323,0.6395929037556914,0.021796629345183893
CD_vs_UC,Streptococcus parasanguinis,-1.5262438675282715,-2.826173296529969,1.2999294290016974,113267.0,0.00010807847237003903,0.00034176165587282615,0.1544722076413061
CD_vs_UC,Veillonella sp T11011 6,-3.3561775056542813,-3.8907662839116712,0.5345887782573899,105334.0,0.06503322173065838,0.09326951914089075,0.07361522349571659
CD_vs_UC,Eubacterium ventriosum,-1.9152386122778677,-1.2063956940063092,-0.7088429182715585,97552.0,0.8864404831253463,0.8940822114281509,-0.005702695402679647
CD_vs_UC,Bifidobacterium bifidum,-2.281686804523425,-1.918706406940063,-0.36298039758336187,99800.0,0.6662943941625236,0.7086949465183205,0.01721001105884623
CD_vs_UC,Bifidobacterium pseudocatenulatum,-2.8816494313408723,-2.331134769716088,-0.5505146616247845,96940.0,0.7648183659392849,0.8061598992333003,-0.011940496272098589
CD_vs_UC,Coprococcus catus,-2.666437172859451,-3.131832059936908,0.46539488707745713,115141.0,1.3585324501316745e-05,5.229890000568609e-05,0.1735729246826314
CD_vs_UC,Parabacteroides goldsteinii,-4.371629166397416,-3.8104273690851733,-0.561201797312243,101270.0,0.4197901671815929,0.48629157980441945,0.032192964127548684
