Species,Mean_Active_Flare,Mean_Remission,Mean_Difference,U_Statistic,p_value,Cliffs_Delta,FDR_adjusted_p
Lawsonibacter asaccharolyticus,-1.9544931594594597,0.8821428568904595,-2.836636016349919,70296.0,1.7360930398817067e-17,-0.32866010887212305,2.0312288566615965e-15
Dialister invisus,2.425338718918919,-0.5601108409893993,2.9854495599083184,137366.0,6.721436793552848e-16,0.3118708814821889,2.621360349485611e-14
Haemophilus parainfluenzae,2.041637605405405,-0.8619020565371024,2.9035396619425073,137526.0,4.856165376337828e-16,0.31339891127876984,2.621360349485611e-14
Faecalibacterium prausnitzii,9.737872943243243,8.441388469964664,1.2964844732785785,135153.0,5.143829747763403e-14,0.2907363193582275,1.5045702012207952e-12
Escherichia coli,3.449278459459459,0.6288713480565372,2.820407111402922,133745.0,6.969745032582433e-13,0.27728965714831433,1.6309203376242893e-11
Bifidobacterium longum,4.203209405405405,2.0039279240282686,2.199281481377137,133222.0,1.7802866171837112e-12,0.2722949097507401,3.471558903508237e-11
Eisenbergiella massiliensis,0.7271946513513511,-1.3588224540636042,2.0860171054149554,132678.0,4.640312417000847e-12,0.2670996084423647,7.755950754129987e-11
Intestinimonas butyriciproducens,-2.1086097324324324,0.3347392667844521,-2.4433489992168846,77554.0,1.8759741606438827e-11,-0.2593448572247159,2.7436122099416783e-10
Veillonella parvula,0.9144287594594593,-1.3616955406360423,2.2761243000955016,131484.0,3.57023225176697e-11,0.25569668608537865,4.6413019272970605e-10
Streptococcus salivarius,-0.8749756702702702,-2.6158842809187277,1.7409086106484575,131069.0,7.112220354754775e-11,0.25173335880049663,8.321297815063087e-10
Eubacterium ramulus,-1.1676486918918918,-2.634875286219081,1.4672265943271892,130762.0,1.1763566743834966e-10,0.2488014516283068,1.2512157354806282e-09
Veillonella infantium,-1.7120276621621622,-3.6088907597173145,1.8968630975551524,130264.0,2.6291978538310894e-10,0.24404545888644824,2.5634679074853122e-09
Bacteroides fragilis,4.052244045945946,1.6089641413427562,2.4432799046031892,129834.0,5.202726598673745e-10,0.2399388788081367,4.68245393880637e-09
Bacteroides eggerthii,-2.8991178945945943,-4.6701101590106004,1.770992264416006,128945.0,2.0597798964905846e-09,0.23144876325088348,1.721387484924274e-08
Veillonella dispar,-0.29926002702702703,-2.3837432791519433,2.084483252124916,128377.0,4.840670276491535e-09,0.22602425747302068,3.775722815663398e-08
Bilophila wadsworthia,1.6503771999999999,-0.0870042031802118,1.7373814031802117,128222.0,6.091420173129943e-09,0.2245439786075829,4.454351001601271e-08
Phascolarctobacterium faecium,-1.9545721918918917,0.6396145494699647,-2.5941867413618565,81659.0,1.196484640969651e-08,-0.2201413427561838,8.23462958784995e-08
Barnesiella intestinihominis,-3.090675245945946,-0.015401560070671193,-3.0752736858752745,82244.0,2.7672320908814224e-08,-0.21455448381243436,1.7040323928059286e-07
Veillonella atypica,-0.665083027027027,-2.5731580300353354,1.9080750030083085,127203.0,2.6633844892292305e-08,0.21481233884060735,1.7040323928059286e-07
Bacteroides thetaiotaomicron,2.7398807594594596,5.364788992932862,-2.6249082334734024,83193.0,1.0326710824014659e-07,-0.20549135708146304,6.041125832048575e-07
Intestinibacter bartlettii,-2.246210937837838,-3.2471595865724376,1.0009486487345995,125974.0,1.4538227180467394e-07,0.2030751599656193,8.099869429117548e-07
Coprococcus catus,-2.182930210810811,-3.2431646554770315,1.0602344446662206,125618.0,2.337465986490461e-07,0.19967529366822645,1.2431069109971997e-06
Veillonella sp T11011 6,-2.7996287810810814,-4.019406606007068,1.2197778249259863,125190.0,4.096109147762233e-07,0.19558781396237235,2.08367291429644e-06
Clostridium symbiosum,1.0700869000000002,-0.736724558303887,1.806811458303887,124772.0,7.010675632619711e-07,0.19159583611880437,3.4177043709021094e-06
Ruminococcus gnavus,2.7682580837837834,1.2223618886925793,1.545896195091204,124654.0,8.143897947508959e-07,0.19046891414382583,3.811344239434193e-06
Anaerostipes hadrus,5.1892143297297295,4.2222375424028264,0.9669767873269031,123766.0,2.449472913207409e-06,0.18198834877280112,1.1022628109433342e-05
Bifidobacterium bifidum,-1.3528560918918917,-2.6855782844522964,1.3327221925604047,123180.0,4.938646072693041e-06,0.17639193964282307,2.140079964833651e-05
Parabacteroides distasonis,6.346922302702702,5.570192692579505,0.7767296101231969,122638.0,9.278242854045445e-06,0.17121573870690487,3.876980049726132e-05
Streptococcus thermophilus,-2.66722107027027,-3.3913998833922263,0.7241788131219562,121211.0,4.494715523611065e-05,0.1575876229586477,0.00018133852284913607
Clostridium bolteae,2.0501473243243247,0.7695190724381625,1.2806282518861622,120977.0,5.756142612752967e-05,0.15535287938114783,0.00022448956189736574
Roseburia hominis,0.9943600027027029,2.7270158816254417,-1.7326558789227389,88910.0,9.340853217770869e-05,-0.15089294241237705,0.0003525418795094167
Dorea formicigenerans,1.628221754054054,0.7395123392226148,0.8887094148314392,120350.0,0.00010993960101474998,0.1493649126157961,0.00040196666621017955
Clostridium leptum,-0.8292648324324324,0.6004088409893995,-1.4296736734218318,89225.0,0.00012855641648081774,-0.1478846337503581,0.0004557909311592629
Butyricimonas virosa,-3.662473556756757,-1.7627959151943462,-1.8996776415624108,89593.0,0.00018533953134745756,-0.14437016521822177,0.0006377860343427216
Collinsella intestinalis,-3.5898862729729735,-4.267944075971732,0.6780578029987585,119652.0,0.00021994933342003043,0.14269888262821118,0.000735259200289816
Lachnospira pectinoschiza,-1.7594458027027025,0.04875054946996454,-1.808196352172667,90488.0,0.0004366563937634491,-0.13582274854359655,0.0014191332797312095
Eubacterium rectale,6.480566991891893,5.7218549116607775,0.7587120802311151,118880.0,0.0004582951146915794,0.1353261388597078,0.001449203470781481
Prevotella copri,-1.8844128729729734,-2.3915387526501766,0.5071258796772031,118529.0,0.0006326465773157096,0.1319740234934581,0.0019478855143667902
Bacteroides intestinalis,-2.8641412891891895,-2.9999735282685513,0.13583223907936182,118304.0,0.0007749879344740156,0.1298252315920161,0.002324963803422047
Bifidobacterium pseudocatenulatum,-2.3929623432432434,-2.892782072438163,0.49981972919491957,118083.0,0.0009432611443588512,0.12771464043548852,0.0027590388472496395
Streptococcus parasanguinis,-1.617040981081081,-2.1949412120141343,0.5779002309330532,117661.0,0.0013620839557742298,0.1236844618470061,0.003886922507941095
Parabacteroides goldsteinii,-4.1624758945945945,-4.194042136042404,0.03156624144780906,116751.0,0.0029058038560659267,0.11499379237895146,0.00809473931332651
Alistipes finegoldii,1.418488108108108,2.831655609540636,-1.4131675014325282,92700.0,0.0029793085585319134,-0.1146977366058638,0.008106490729028694
Odoribacter splanchnicus,1.300924508108108,3.206030084805654,-1.9051055766975462,92939.0,0.0036054881096023172,-0.11241524209722087,0.009374269084966025
Alistipes putredinis,5.002014889189189,4.440649650176678,0.5613652390125106,116496.0,0.003562917269741749,0.1125584948906504,0.009374269084966025
Bacteroides massiliensis,-1.0800144081081082,-1.5824265812720846,0.5024121731639763,116124.0,0.004765406473973196,0.1090058256135995,0.01212070777075791
Firmicutes bacterium CAG 83,-0.6177304432432433,-0.9626658763250883,0.34493543308184493,115851.0,0.0058698019218342895,0.10639862477318318,0.014612060103289614
Lactobacillus rogosae,-3.9095001270270267,-2.678486924028269,-1.2310132029987577,93842.0,0.0071998538943080495,-0.10379142393276664,0.017549643867375873
Clostridium innocuum,-3.184241127027027,-3.490074703180212,0.30583357615318496,115468.0,0.007808174295455704,0.10274090344761722,0.018644008011598313
Collinsella aerofaciens,2.3991319351351352,1.9191404363957596,0.47999149873937563,115408.0,0.008159044007774088,0.10216789227389933,0.019092162978191368
Alistipes shahii,-0.18027090540540547,0.9267729275618374,-1.1070438329672427,94210.0,0.009419195130665066,-0.10027695540063031,0.021608741770349268
Dorea longicatena,3.8538368108108103,3.7830498710247342,0.07078693978607609,114697.0,0.013526756087153887,0.09537770986534233,0.03043520119609625
Alistipes indistinctus,-2.37212827027027,-2.5368827173144872,0.16475444704421705,114234.0,0.01851799628909028,0.090955973641486,0.04087935029855779
Proteobacteria bacterium CAG 139,1.8342633756756757,1.2009106890459362,0.6333526866297394,114174.0,0.019270478757232316,0.09038296246776811,0.041752703974003345
Oscillibacter sp CAG 241,-2.8111798243243244,-2.903338530035336,0.09215870571101137,113994.0,0.02169051284429173,0.08866392894661446,0.04614163641422059
Gemmiger formicilis,-2.4292163540540543,-1.4816714787985867,-0.9475448752554676,95692.0,0.025749816236701535,-0.08612357940979853,0.05379872320882285
Eisenbergiella tayi,-2.854901008108108,-2.8642989204947,0.009397912386591933,113497.0,0.029792393349656693,0.08391748639098462,0.058095167031830555
Blautia sp CAG 257,-2.9965819270270275,-2.6619643586572432,-0.3346175683697843,113525.0,0.0292749759899294,0.08418489160538623,0.058095167031830555
Roseburia faecis,3.455347054054054,4.496888464664312,-1.0415414106102578,95856.0,0.028567183730475388,-0.0845573488683029,0.058095167031830555
Ruminococcus torques,1.0544512432432434,0.39722365194346293,0.6572275912997805,113518.0,0.029403600085159336,0.08411804030178582,0.058095167031830555
Dielma fastidiosa,-2.2889788189189186,-2.4261359346289755,0.13715711571005684,113427.0,0.031120456239334363,0.08324897335498038,0.059690055409870824
Bacteroides uniformis,8.51788672972973,8.436923422261483,0.08096330746824698,113047.0,0.03924986028148601,0.07961990258810037,0.07406828472473974
Sellimonas intestinalis,-3.940225702702703,-3.80128678975265,-0.1389389129500529,112872.0,0.043561954478047955,0.07794861999808989,0.08063007107082157
Turicimonas muris,0.45038708378378367,0.03321267844522961,0.41717440533855404,112851.0,0.04410533802164599,0.07774806608728868,0.08063007107082157
Clostridium lavalense,-1.9889163135135135,-1.067835300353357,-0.9210810131601566,96621.0,0.04547553163127688,-0.07725145640339992,0.08185595693629838
Akkermansia muciniphila,-2.347670924324324,-0.8227922137809187,-1.5248787105434054,96737.0,0.04866178705793027,-0.0761436348008786,0.08626407705724003
Clostridium spiroforme,-2.9717755540540542,-2.8712180759717314,-0.10055747808232285,112563.0,0.052153087632110885,0.07499761245344283,0.09014696330607984
Erysipelatoclostridium ramosum,-2.633513837837838,-2.58671954770318,-0.04679429013465786,112555.0,0.05239310687874726,0.0749212109636137,0.09014696330607984
Blautia wexlerae,2.4660086864864867,1.9125600371024734,0.5534486493840134,112303.0,0.06043976844362325,0.07251456403399859,0.10248482475223072
Monoglobus pectinilyticus,-3.013975618918919,-2.610168727915194,-0.4038068910037249,112274.0,0.06142825172014494,0.07223760863336826,0.10267293501795655
Ruthenibacterium lactatiformans,1.479902481081081,2.2278079628975265,-0.7479054818164454,97204.0,0.0634453913728484,-0.0716836978321077,0.10455085620596145
Clostridium bolteae CAG 59,-2.0563851675675675,-1.922943584805654,-0.13344158276191354,112185.0,0.06454576840147973,0.07138764205902004,0.10488687365240455
Roseburia inulinivorans,3.028638051351351,3.765956247349823,-0.7373181959984718,97359.0,0.06910588570289479,-0.07020341896666982,0.11075874831833822
Eubacterium eligens,2.8126135054054053,3.560162330388693,-0.7475488249832876,97388.0,0.07020970225345063,-0.06992646356603949,0.11100723194126655
Haemophilus sp HMSC71H05,-2.6417381864864864,-2.80022104770318,0.15848286121669375,111973.0,0.07250006616040548,0.06936300257855033,0.11310010321023255
Clostridium clostridioforme,-1.1783408864864866,-1.1442964240282685,-0.03404446245821813,111636.0,0.08678111233190255,0.06614458981950144,0.13359723872148155
Anaeromassilibacillus sp An250,-1.8252242675675676,-2.119342074204947,0.2941178066373795,111546.0,0.09095699639522783,0.06528507305892473,0.13820738413300854
Bacteroides faecis,-1.4804711486486488,-1.6404164134275618,0.15994526477891302,111443.0,0.09593273979641695,0.0643014038773757,0.14389910969462544
Ruminococcus bromii,-2.2324508702702706,-0.7464150918727914,-1.4860357783974791,98137.0,0.10409163025662033,-0.06277337408079453,0.15416102202562756
Bacteroides xylanisolvens,3.834860489189189,3.6070627526501764,0.2277977365390127,110677.0,0.14008530494121452,0.056985961226244,0.20487475847652623
Clostridium citroniae,-2.2608305756756755,-2.106450651943463,-0.15437992373221254,109939.0,0.19602100886709284,0.049937923789513894,0.2831414572524674
Bacteroides caccae,4.240500556756756,5.490809936395759,-1.2503093796390026,99557.0,0.2026007059193149,-0.04921210963613787,0.28907661698243714
Oscillibacter sp 57 20,1.4059984297297294,1.3047399452296822,0.10125848450004726,109694.0,0.21780550394311393,0.047598128163499176,0.3070270356788473
Hungatella hathewayi,-2.469620513513514,-2.4295326236749113,-0.040087889838602564,109371.0,0.2491120424916673,0.04451341801165132,0.34697748775625087
Flavonifractor plautii,6.72944828918919,6.560069503533569,0.1693787856556206,109212.0,0.2656271578368251,0.042994938401298866,0.36412843336158773
Bacteroides vulgatus,8.943152543243244,8.8565206590106,0.08663188423264323,109193.0,0.26764995956492776,0.04281348486295489,0.36412843336158773
Clostridium saccharolyticum,-2.881668462162162,-1.792788300353357,-1.0888801618088053,100587.0,0.30798215648017047,-0.03937541782064746,0.4141829000940223
Roseburia intestinalis,2.241532718918919,2.8958596660777385,-0.6543269471588196,100784.0,0.3316735298771274,-0.03749403113360705,0.44097503404118077
Parasutterella excrementihominis,2.717067697297298,2.6230674169611308,0.09400028033616703,108518.0,0.34641389084241403,0.03636710915862862,0.4503380580951382
Acidaminococcus intestini,-3.484579072972973,-2.2094888674911664,-1.2750902054818067,108547.0,0.3427531522660602,0.03664406455925895,0.4503380580951382
Bacteroides dorei,0.9415856675675675,1.9841030176678447,-1.0425173501002774,101016.0,0.3610445388734169,-0.035278387928564636,0.4613071191843601
Coprococcus comes,1.8005227351351354,1.849581961130742,-0.04905922599560664,108391.0,0.3627372219227447,0.035154235507592446,0.4613071191843601
Bacteroides cellulosilyticus,-1.0480045783783785,-0.963473300353357,-0.08453127802502147,108350.0,0.36810815897210336,0.03476267787221854,0.4631038129003881
Clostridium sp CAG 58,-0.22804438918918907,-0.29133078621908126,0.0632863970298922,108069.0,0.406237271681273,0.03207907554197309,0.5031455858895597
Eubacterium sp CAG 38,-0.4235680918918919,0.18585824381625443,-0.6094263357081463,101385.0,0.41100550805330516,-0.031754369210199584,0.5031455858895597
Eubacterium ventriosum,-2.213014237837838,-1.3235775053003531,-0.889436732537485,101398.0,0.4128374038068182,-0.031630216789227394,0.5031455858895597
Blautia obeum,2.356796345945946,2.2768101908127205,0.07998615513322527,107873.0,0.43417697366218033,0.030207239041161404,0.5183541420252561
Firmicutes bacterium CAG 94,-3.901575935135135,-2.766572263250884,-1.135003671884251,101517.0,0.4298298966235582,-0.030493744628020236,0.5183541420252561
Ruminococcus bicirculans,-0.31073417837837847,0.40865811307420485,-0.7193922914525833,101806.0,0.4727479736432384,-0.027733740807945773,0.5587021506692817
Anaerotruncus colihominis,-2.80373957027027,-2.479132832155477,-0.324606738114793,107129.0,0.5497878758266925,0.0231019004870594,0.6432518147172303
Clostridium sp CAG 242,-3.817548843243243,-2.8239354204946996,-0.9936134227485436,102385.0,0.565404596819479,-0.02220418298156812,0.6549736418601885
Agathobaculum butyriciproducens,0.544341054054054,1.1998909699646643,-0.6555499159106103,102670.0,0.6140126450498988,-0.01948237990640822,0.6974706744741569
Bacteroides ovatus,6.305316094594594,6.641227568904594,-0.33591147431000046,102650.0,0.6105420647204169,-0.019673383630980812,0.6974706744741569
Eubacterium siraeum,0.16066930270270277,0.3468307473498233,-0.1861614446471205,106501.0,0.657926287396527,0.01710438353547894,0.740167073321093
Holdemania filiformis,-1.438293337837838,-1.2176028038869258,-0.2206905339509122,106459.0,0.6654567222114232,0.01670327571387653,0.7415089190355858
Sutterella parvirubra,-2.2628114216216217,-2.097052132508834,-0.16575928911278792,106362.0,0.6829768618854413,0.01577690764969919,0.7468064751457629
Butyricimonas synergistica,-3.716621805405405,-3.275468448763251,-0.44115335664215394,106381.0,0.6795312344361406,0.01595836118804317,0.7468064751457629
Paraprevotella xylaniphila,-2.815509610810811,-2.1957532190812725,-0.6197563917295383,103245.0,0.7172320672740098,-0.013991022824945132,0.7770014062135105
Fusicatenibacter saccharivorans,4.048652562162162,4.176868429328621,-0.1282158671664595,106090.0,0.7329977109863246,0.013179256995511368,0.7867957081229355
Parabacteroides merdae,3.5778620270270274,4.358865371024735,-0.7810033439977078,103503.0,0.7654292129869846,-0.011527074777958224,0.81413834472252
Anaerotignum lactatifermentans,-2.642098989189189,-1.7150632314487635,-0.9270357577404256,103645.0,0.7923630170536641,-0.010170948333492524,0.8351934504079163
Bifidobacterium adolescentis,-0.7066739351351351,-0.7613703886925796,0.05469645355744446,105336.0,0.8770722218146552,0.005978416579123236,0.9162272317170951
Eubacterium hallii,1.0453348810810812,1.348615929328622,-0.30328104824754076,104177.0,0.8952346367126458,-0.005090249259860569,0.9269243583661908
Bacteroides faecis CAG 32,-3.5843615405405407,-2.8494548109540636,-0.7349067295864771,104254.0,0.9103144313278531,-0.00435488492025593,0.9342700742575334
Bacteroides finegoldii,-3.2164941648648653,-1.7712472650176678,-1.4452468998471975,105065.0,0.9301426572956986,0.0033903161111641378,0.9463190513356238
Bacteroides stercoris,4.058449227027027,4.5725870265017665,-0.5141377994747396,104593.0,0.9770164207248343,-0.0011173717887499324,0.9785942995951984
Ruminococcus lactaris,-2.49658692972973,-1.8033150371024733,-0.6932718926272565,104601.0,0.9785942995951984,-0.001040970298920807,0.9785942995951984
