Species,Lag,Feature_Type,Spearman_Rho,p_value,FDR_adjusted_p
Lawsonibacter asaccharolyticus,t_plus_2,Abundance,-0.2677738975870707,5.431250963302639e-20,6.354563627064087e-18
Escherichia coli,t_plus_2,Abundance,0.263808207807368,1.9785499237719004e-19,1.1574517054065616e-17
Haemophilus parainfluenzae,t_plus_2,Abundance,0.25699007974090493,1.7363911050947954e-18,6.771925309869703e-17
Lawsonibacter asaccharolyticus,t_plus_4,Abundance,-0.2640184942571768,1.5418009213763053e-18,1.803907078010277e-16
Dialister invisus,t_plus_2,Abundance,0.25227068842667066,7.5239395557246e-18,2.2007523200494454e-16
Bifidobacterium longum,t_plus_2,Abundance,0.25004758764828716,1.485502812030508e-17,3.4760765801513886e-16
Phascolarctobacterium faecium,t_plus_2,Abundance,-0.2484117220604547,2.4401459699511897e-17,4.75828464140482e-16
Haemophilus parainfluenzae,t_plus_4,Abundance,0.2537314197896398,3.388765968936346e-17,1.5967991385657077e-15
Escherichia coli,t_plus_4,Abundance,0.25308658718482835,4.0943567655530964e-17,1.5967991385657077e-15
Phascolarctobacterium faecium,t_plus_4,Abundance,-0.25205692685085307,5.5318661425711734e-17,1.6180708467020681e-15
Bifidobacterium longum,t_plus_4,Abundance,0.24452351574200729,4.798767344917458e-16,1.1229115587106852e-14
Dialister invisus,t_plus_4,Abundance,0.23957497850190218,1.9074071946378e-15,3.7194440295437105e-14
Dielma fastidiosa,t_plus_2,Abundance,0.23031620589785295,4.65996549110058e-15,7.788799463696683e-14
Dielma fastidiosa,t_plus_4,Abundance,0.22518371473992274,8.867541897564723e-14,1.4821462885929606e-12
Clostridium symbiosum,t_plus_2,Abundance,0.21761597793428955,1.438799337166659e-13,2.1042440306062382e-12
Streptococcus salivarius,t_plus_2,Abundance,0.21466723549451452,3.0971037823681813e-13,4.026234917078636e-12
Streptococcus parasanguinis,t_plus_2,Abundance,0.21211956578827676,5.953103935407669e-13,6.9651316044269724e-12
Veillonella atypica,t_plus_2,Abundance,0.20843930287267817,1.507883387298378e-12,1.6038396028537293e-11
Clostridium symbiosum,t_plus_4,Abundance,0.21232390338337612,2.2087910123742388e-12,3.230356855597324e-11
Faecalibacterium prausnitzii,t_plus_2,Abundance,0.20327704087123222,5.395110430388931e-12,5.030516911452408e-11
Eisenbergiella massiliensis,t_plus_2,Abundance,0.20313176327543853,5.58946323494712e-12,5.030516911452408e-11
Veillonella infantium,t_plus_2,Abundance,0.20063952953848305,1.0215238443835663e-11,8.537020699491233e-11
Veillonella dispar,t_plus_2,Abundance,0.19814757514944742,1.8523551247907635e-11,1.4448369973367955e-10
Streptococcus parasanguinis,t_plus_4,Abundance,0.20294175919413127,2.0331841459850546e-11,2.4808363693837854e-10
Streptococcus salivarius,t_plus_4,Abundance,0.20275989497792735,2.120372965285287e-11,2.4808363693837854e-10
Veillonella infantium,t_plus_4,Abundance,0.20058174424283098,3.495342923192586e-11,3.7177738364866597e-10
Alistipes finegoldii,t_plus_2,Abundance,-0.1931414978207839,5.981743752560627e-11,4.374150119059958e-10
Bacteroides fragilis,t_plus_2,Abundance,0.1917241948792923,8.289195224429196e-11,5.704916713283623e-10
Faecalibacterium prausnitzii,t_plus_4,Abundance,0.19779297399870444,6.574434965508342e-11,6.410074091370634e-10
Eisenbergiella massiliensis,t_plus_4,Abundance,0.19689918434446327,8.034297337401733e-11,7.102850329617404e-10
Veillonella atypica,t_plus_4,Abundance,0.19664773640583316,8.49913714655074e-11,7.102850329617404e-10
Veillonella dispar,t_plus_4,Abundance,0.19187306323191214,2.438266570691603e-10,1.901847925139451e-09
Alistipes finegoldii,t_plus_4,Abundance,-0.18707596717109154,6.843235074517435e-10,5.004115648240873e-09
Clostridium innocuum,t_plus_2,Abundance,0.1776178962622371,1.8632759516414325e-09,1.211129368566931e-08
Veillonella parvula,t_plus_2,Abundance,0.17583163308987157,2.716037630899197e-09,1.6052141184920235e-08
Erysipelatoclostridium ramosum,t_plus_2,Abundance,0.17578290147066492,2.743955758106023e-09,1.6052141184920235e-08
Bacteroides fragilis,t_plus_4,Abundance,0.17807425014008987,4.415193046781392e-09,3.0386916851377815e-08
Akkermansia muciniphila,t_plus_4,Abundance,-0.17715815036579569,5.309767252812163e-09,3.4513487143279057e-08
Streptococcus thermophilus,t_plus_2,Abundance,0.17167104184957394,6.436370912772106e-09,3.585978079973031e-08
Akkermansia muciniphila,t_plus_2,Abundance,-0.17133028360765507,6.901264417452808e-09,3.670217894736266e-08
Veillonella sp T11011 6,t_plus_2,Abundance,0.16938908204754738,1.0240302666407342e-08,5.209197443346343e-08
Gemmiger formicilis,t_plus_4,Abundance,-0.17431591348497047,9.354241988600384e-09,5.760243750874973e-08
Clostridium innocuum,t_plus_4,Abundance,0.17404958370439252,9.859338174946525e-09,5.767712832343717e-08
Bifidobacterium pseudocatenulatum,t_plus_2,Abundance,0.16809259082731956,1.3294854231262698e-08,6.481241437740566e-08
Streptococcus thermophilus,t_plus_4,Abundance,0.17219326073807711,1.419252426159901e-08,7.90726351717659e-08
Anaerostipes hadrus,t_plus_2,Abundance,0.16523708388281308,2.3458561636630298e-08,1.0978606845942981e-07
Veillonella sp T11011 6,t_plus_4,Abundance,0.1701551028601366,2.1076749854446792e-08,1.1208998786228522e-07
Collinsella intestinalis,t_plus_2,Abundance,0.16463270423485465,2.6421466512465162e-08,1.1746168939789765e-07
Gemmiger formicilis,t_plus_2,Abundance,-0.16450234048248177,2.7106543707207153e-08,1.1746168939789765e-07
Clostridium spiroforme,t_plus_2,Abundance,0.16296579350357485,3.659706281567329e-08,1.5292344105120625e-07
Erysipelatoclostridium ramosum,t_plus_4,Abundance,0.16808284910473026,3.135574460014933e-08,1.5950530948771615e-07
Haemophilus sp HMSC71H05,t_plus_2,Abundance,0.15775755583777296,9.915042047994132e-08,4.0002066193631495e-07
Clostridium spiroforme,t_plus_4,Abundance,0.16166312432555127,1.0407644230772318e-07,4.937230121744295e-07
Collinsella intestinalis,t_plus_4,Abundance,0.16158916445268692,1.0549637012274133e-07,4.937230121744295e-07
Veillonella parvula,t_plus_4,Abundance,0.16044469366296168,1.3000620663560732e-07,5.833135338358318e-07
Anaerostipes hadrus,t_plus_4,Abundance,0.16025322731309524,1.346108155005766e-07,5.833135338358318e-07
Roseburia hominis,t_plus_4,Abundance,-0.15548960684948868,3.1580190432335084e-07,1.3196008144940017e-06
Roseburia faecis,t_plus_4,Abundance,-0.1552129227843916,3.315784167725643e-07,1.3377474055996557e-06
Bifidobacterium bifidum,t_plus_2,Abundance,0.14988468924413986,4.209285234756421e-07,1.6416212415550043e-06
Bifidobacterium pseudocatenulatum,t_plus_4,Abundance,0.15258087342783494,5.249704880061333e-07,2.04738490322392e-06
Roseburia faecis,t_plus_2,Abundance,-0.1478829237444357,6.009389679121332e-07,2.2680599756683735e-06
Barnesiella intestinihominis,t_plus_2,Abundance,-0.14689312318519376,7.153770764629161e-07,2.5409073133764814e-06
Ruminococcus gnavus,t_plus_2,Abundance,0.14688286653022728,7.166661653113152e-07,2.5409073133764814e-06
Barnesiella intestinihominis,t_plus_4,Abundance,-0.14834795400269934,1.0815436116802797e-06,4.081954921502991e-06
Roseburia hominis,t_plus_2,Abundance,-0.14251464056743723,1.5257546946830616e-06,5.250391155232888e-06
Haemophilus sp HMSC71H05,t_plus_4,Abundance,0.14634477602368604,1.5121540302090132e-06,5.5288131729517044e-06
Parabacteroides distasonis,t_plus_2,Abundance,0.1412488859571334,1.891383717101197e-06,6.32262556859543e-06
Ruminococcus bromii,t_plus_2,Abundance,-0.1407203930478112,2.067735714062958e-06,6.720141070704613e-06
Parabacteroides distasonis,t_plus_4,Abundance,0.14428258350701045,2.125341676807545e-06,7.535302308681296e-06
Eubacterium ramulus,t_plus_2,Abundance,0.13952114408928398,2.52829402390771e-06,7.99487569722168e-06
Bifidobacterium bifidum,t_plus_4,Abundance,0.1425197470312515,2.8326381088306144e-06,9.747607609799467e-06
Ruminococcus bromii,t_plus_4,Abundance,-0.14101573347979426,3.609647780711279e-06,1.2066536866949132e-05
Bacteroides vulgatus,t_plus_2,Abundance,0.13501350266764456,5.304555307377165e-06,1.633244660429285e-05
Ruminococcus gnavus,t_plus_4,Abundance,0.1366911884048578,7.147857432241449e-06,2.3230536654784707e-05
Bacteroides massiliensis,t_plus_2,Abundance,0.12969605664268122,1.2338845454402296e-05,3.701653636320689e-05
Odoribacter splanchnicus,t_plus_2,Abundance,-0.1283781723750416,1.513464364319397e-05,4.4268832656342364e-05
Clostridium bolteae,t_plus_2,Abundance,0.12771963258561375,1.6748363805876476e-05,4.7794111348476775e-05
Parabacteroides goldsteinii,t_plus_2,Abundance,0.1273750923661784,1.7656615599308808e-05,4.918628631236025e-05
Bacteroides vulgatus,t_plus_4,Abundance,0.12986536077228622,2.016161587262336e-05,6.375429884045766e-05
Bacteroides uniformis,t_plus_2,Abundance,0.12340178931331765,3.2149477861727354e-05,8.747648627493257e-05
Intestinibacter bartlettii,t_plus_2,Abundance,0.12270173091813522,3.566370521192336e-05,9.483303431352349e-05
Parabacteroides goldsteinii,t_plus_4,Abundance,0.1251696145973408,3.9962036564588225e-05,0.0001230410073172848
Flavonifractor plautii,t_plus_2,Abundance,0.1200832402601654,5.231329129434039e-05,0.000136014557365285
Bacteroides uniformis,t_plus_4,Abundance,0.12242337506528597,5.897279827038248e-05,0.00017691839481114745
Coprococcus catus,t_plus_2,Abundance,0.11698490909401321,8.150079499758975e-05,0.00020729550031995653
Clostridium bolteae,t_plus_4,Abundance,0.12109533062559184,7.09779823238673e-05,0.00020761059829731187
Bacteroides massiliensis,t_plus_4,Abundance,0.11904801506676772,9.409777904405385e-05,0.00026852293044278785
Alistipes shahii,t_plus_2,Abundance,-0.11400557180296009,0.00012356955385827638,0.0003076093149237944
Intestinibacter bartlettii,t_plus_4,Abundance,0.11713013294852857,0.00012204974909131301,0.0003399957296115148
Alistipes indistinctus,t_plus_2,Abundance,0.11218477372283543,0.0001585829800493151,0.0003865460138702056
Odoribacter splanchnicus,t_plus_4,Abundance,-0.11556610850372889,0.00015045224300493614,0.0004093700565483146
Bacteroides cellulosilyticus,t_plus_4,Abundance,0.11530282639934898,0.00015580570691449498,0.0004143015388408162
Alistipes shahii,t_plus_4,Abundance,-0.11379978966718597,0.00018995941317207047,0.0004897984764282516
Eubacterium ramulus,t_plus_4,Abundance,0.11369559723716452,0.00019257034115982541,0.0004897984764282516
Flavonifractor plautii,t_plus_4,Abundance,0.11322289484428975,0.0002048442632678393,0.0005099314638795149
Bacteroides cellulosilyticus,t_plus_2,Abundance,0.10838614233792844,0.0002637165314608091,0.0006296904934880544
Oscillibacter sp 57 20,t_plus_2,Abundance,0.10492608063184217,0.0004133266620554088,0.0009671843892096566
Oscillibacter sp 57 20,t_plus_4,Abundance,0.10766420696841568,0.00041621520707066053,0.001014524567234735
Alistipes indistinctus,t_plus_4,Abundance,0.10644154179418554,0.00048434271005372894,0.001156491777067067
Sellimonas intestinalis,t_plus_2,Abundance,0.10333484817060168,0.0005059630627973039,0.0011607387911232267
Paraprevotella xylaniphila,t_plus_2,Abundance,0.10206097996250728,0.0005936860558273525,0.001335793625611543
Intestinimonas butyriciproducens,t_plus_2,Abundance,-0.10154293132988876,0.0006332487063583902,0.0013979263895081443
Paraprevotella xylaniphila,t_plus_4,Abundance,0.10328351432044555,0.0007113157920877613,0.0016644789534853615
Ruminococcus lactaris,t_plus_2,Abundance,0.09955972370467885,0.0008084477521995315,0.001751636796432318
Bacteroides intestinalis,t_plus_2,Abundance,0.09901130119749493,0.0008642836500536204,0.0018385670373867926
Coprococcus catus,t_plus_4,Abundance,0.10125414781615331,0.0009056102259028722,0.002077576400600707
Alistipes putredinis,t_plus_4,Abundance,0.0999674716735708,0.0010531172788310213,0.002369513877369798
Clostridium leptum,t_plus_2,Abundance,-0.09656037759769719,0.0011602111350354413,0.0024240125499847614
Sellimonas intestinalis,t_plus_4,Abundance,0.09925890649390581,0.0011435338496178966,0.0025244049133074323
Blautia sp CAG 257,t_plus_2,Abundance,0.0941693553645269,0.0015365909289274213,0.0031540550646404963
Bacteroides thetaiotaomicron,t_plus_2,Abundance,-0.08988937415879612,0.002501892965617026,0.005046922016848138
Anaeromassilibacillus sp An250,t_plus_4,Abundance,0.09263442085426561,0.00240892107043426,0.005219328985940896
Proteobacteria bacterium CAG 139,t_plus_2,Abundance,0.08921760495221029,0.0026959964783696854,0.005346298101173783
Blautia sp CAG 257,t_plus_4,Abundance,0.09188017472030491,0.0026147137324068212,0.00556220921257451
Ruminococcus lactaris,t_plus_4,Abundance,0.09139081267436669,0.0027566892678297385,0.005759511506001418
Dorea longicatena,t_plus_2,Abundance,0.08764357115021242,0.003205755433233377,0.006251223094805086
Clostridium leptum,t_plus_4,Abundance,-0.08993208934948745,0.003222627864150184,0.006614867721150378
Eubacterium siraeum,t_plus_2,Abundance,-0.08643440742521759,0.0036553058969105478,0.007010996556369411
Bacteroides intestinalis,t_plus_4,Abundance,0.08918008013171058,0.003489849586343404,0.007039868993141005
Proteobacteria bacterium CAG 139,t_plus_4,Abundance,0.08881233208790681,0.003627723830352415,0.007193960816122586
Bilophila wadsworthia,t_plus_4,Abundance,0.08669776740476988,0.0045210178547961735,0.00881598481685254
Bacteroides thetaiotaomicron,t_plus_4,Abundance,-0.0854341637339176,0.005145488043356665,0.009869214771684095
Alistipes putredinis,t_plus_2,Abundance,0.08293795961023191,0.005295550988118984,0.009993217187256792
Acidaminococcus intestini,t_plus_2,Abundance,0.08225712618905374,0.005683309965800439,0.010554718507915102
Intestinimonas butyriciproducens,t_plus_4,Abundance,-0.08379933454257402,0.006068562102653255,0.011451963967910175
Anaeromassilibacillus sp An250,t_plus_2,Abundance,0.08017481676225906,0.0070330097923853516,0.012857221026704469
Dorea longicatena,t_plus_4,Abundance,0.08091014727499826,0.008069960066955466,0.014987068695774439
Clostridium clostridioforme,t_plus_4,Abundance,0.08024549989080287,0.008606635475874844,0.015734005479333697
Eubacterium rectale,t_plus_2,Abundance,0.07533659834780325,0.011336562291888381,0.020405812125399086
Clostridium clostridioforme,t_plus_2,Abundance,0.07512450656670956,0.011569806584010307,0.020510111671654636
Ruminococcus bicirculans,t_plus_4,Abundance,-0.0765999419073014,0.01215618471490431,0.021881132486827756
Bilophila wadsworthia,t_plus_2,Abundance,0.07428711739864653,0.012532780508778022,0.021885601783985503
Eubacterium siraeum,t_plus_4,Abundance,-0.07626611879758705,0.01253840641561045,0.022227175009491253
Clostridium bolteae CAG 59,t_plus_2,Abundance,0.07393332534288163,0.012960486512750138,0.02229966061752597
Lachnospira pectinoschiza,t_plus_4,Abundance,-0.07518591783332718,0.013849033724278967,0.024184133518517004
Acidaminococcus intestini,t_plus_4,Abundance,0.07470125428819431,0.014475347042939018,0.02490611182388037
Bacteroides faecis CAG 32,t_plus_4,Abundance,-0.07442078016423553,0.014849074750005022,0.025178865880443296
Fusicatenibacter saccharivorans,t_plus_4,Abundance,-0.07404043603563239,0.015369429443206581,0.025688903497931
Ruthenibacterium lactatiformans,t_plus_2,Abundance,-0.07090508131900046,0.01718090332112155,0.029132836066249584
Butyricimonas synergistica,t_plus_2,Abundance,0.07007410881434939,0.018531745353096808,0.030974488661604665
Ruminococcus bicirculans,t_plus_2,Abundance,-0.06978779387402259,0.019018222829456935,0.03133988832459805
Coprococcus comes,t_plus_4,Abundance,0.07007025658016841,0.021832459289475616,0.03597743291364292
Fusicatenibacter saccharivorans,t_plus_2,Abundance,-0.06771188860252404,0.02289087000544494,0.037197663758848025
Ruthenibacterium lactatiformans,t_plus_4,Abundance,-0.06797931138756652,0.026102987824223326,0.04117989674976613
Eubacterium ventriosum,t_plus_4,Abundance,-0.06793357670820961,0.02620393730899421,0.04117989674976613
Eubacterium rectale,t_plus_4,Abundance,0.0678650479506213,0.026355830466595002,0.04117989674976613
Roseburia intestinalis,t_plus_4,Abundance,-0.06784636628161872,0.02639736971138855,0.04117989674976613
Prevotella copri,t_plus_2,Abundance,0.06553920386960997,0.027659326513570618,0.0443307013984625
Collinsella aerofaciens,t_plus_2,Abundance,0.06446159633736222,0.030326359557692598,0.04794843335473019
Clostridium sp CAG 58,t_plus_2,Abundance,-0.06318094456112534,0.033780115333140855,0.05259789412416458
Eubacterium ventriosum,t_plus_2,Abundance,-0.06304485209171021,0.034166153448175286,0.05259789412416458
Eubacterium sp CAG 38,t_plus_4,Abundance,-0.06427820657489737,0.03543988440900068,0.05455876941911946
Eubacterium sp CAG 38,t_plus_2,Abundance,-0.06241713229964511,0.03599583572000373,0.0546949711589667
Clostridium citroniae,t_plus_2,Abundance,0.061692174415251336,0.038212137582443684,0.057318206373665526
Roseburia intestinalis,t_plus_2,Abundance,-0.060676144337149955,0.04151250117735173,0.061480539718356354
Bacteroides eggerthii,t_plus_2,Abundance,0.06050492490916055,0.04209175291276869,0.06155918863492421
Collinsella aerofaciens,t_plus_4,Abundance,0.06213874276794994,0.04203724592444851,0.06387477627481138
Coprococcus comes,t_plus_2,Abundance,0.059721691713194976,0.04482932364266468,0.06475346748384898
Lachnospira pectinoschiza,t_plus_2,Abundance,-0.05831730548596601,0.0501136143202139,0.07150357165201252
Bacteroides faecis CAG 32,t_plus_2,Abundance,-0.056218431144463246,0.05897578526995879,0.08313454068174914
Clostridium sp CAG 58,t_plus_4,Abundance,-0.058409823025876946,0.0560139295557325,0.08402089433359876
Bacteroides eggerthii,t_plus_4,Abundance,0.05786882142794805,0.05833153420934634,0.08638974053789268
Butyricimonas synergistica,t_plus_4,Abundance,0.057638995384396305,0.059339885512177504,0.0867845825615596
Butyricimonas virosa,t_plus_4,Abundance,-0.05736213549182627,0.06057373339975293,0.08749539268853201
Butyricimonas virosa,t_plus_2,Abundance,-0.05536741646890813,0.0629217531643666,0.08764101333608205
Prevotella copri,t_plus_4,Abundance,0.05620270959870603,0.06597359229828775,0.0941330524256057
Clostridium bolteae CAG 59,t_plus_4,Abundance,0.055867772914996214,0.06760527917397012,0.09529900799222293
Ruminococcus torques,t_plus_2,Abundance,0.054012020361945946,0.06965463566028592,0.09587755732062886
Turicimonas muris,t_plus_2,Abundance,0.053314742937845896,0.07334203844154437,0.09977928485651966
Dorea formicigenerans,t_plus_2,Abundance,0.051436290782568145,0.08407448131788217,0.1130656817723243
Blautia obeum,t_plus_4,Abundance,0.052295720583387266,0.08715333118406576,0.12139213986352017
Clostridium citroniae,t_plus_4,Abundance,0.05193736954119422,0.08934344560697516,0.1229786251296011
Blautia obeum,t_plus_2,Abundance,0.04848662274222295,0.10345441435254728,0.13754734635509128
Ruminococcus torques,t_plus_4,Abundance,0.048365971678512414,0.11367038116327068,0.15464458832677522
Turicimonas muris,t_plus_4,Abundance,0.04580638766129986,0.1341067725857218,0.18035048727045344
Parasutterella excrementihominis,t_plus_4,Abundance,-0.042395720529390855,0.16560914130764404,0.22018488105675402
Hungatella hathewayi,t_plus_2,Abundance,0.04102588605650561,0.16834314689830585,0.22130503581013242
Monoglobus pectinilyticus,t_plus_2,Abundance,0.04042440829141575,0.17467498870754,0.22707748531980199
Clostridium saccharolyticum,t_plus_4,Abundance,-0.041253017782588226,0.17732102421302787,0.23246938396744096
Dorea formicigenerans,t_plus_4,Abundance,0.04111062194996855,0.17882260305187767,0.23246938396744096
Clostridium saccharolyticum,t_plus_2,Abundance,-0.03885807948875854,0.19199466789825284,0.24685028729775366
Monoglobus pectinilyticus,t_plus_4,Abundance,0.03789497679015709,0.21528882108222006,0.2767999128199972
Parasutterella excrementihominis,t_plus_2,Abundance,-0.03478733821371612,0.2428334046862355,0.30882074291619077
Clostridium sp CAG 242,t_plus_2,Abundance,0.03441669355657945,0.24789281715490788,0.3118651570658519
Parabacteroides merdae,t_plus_4,Abundance,0.035233915900561096,0.2492877323817569,0.3170289640072343
Bifidobacterium adolescentis,t_plus_4,Abundance,0.03487439755931141,0.2541536790643803,0.319741725274543
Bifidobacterium adolescentis,t_plus_2,Abundance,0.03311120066233838,0.26629794205396673,0.3314559491522777
Hungatella hathewayi,t_plus_4,Abundance,0.03170814526711383,0.29985984240566954,0.37322980384535465
Eubacterium hallii,t_plus_2,Abundance,0.030264111679773928,0.30963013063628914,0.38133395036258766
Agathobaculum butyriciproducens,t_plus_4,Abundance,-0.030948238465342934,0.311597382537856,0.38375677638872796
Roseburia inulinivorans,t_plus_4,Abundance,-0.03062693817898088,0.3166499863569392,0.3843753662483841
Holdemania filiformis,t_plus_4,Abundance,0.030327474687941846,0.3214072577750905,0.3843753662483841
Eubacterium hallii,t_plus_4,Abundance,0.03029315414203828,0.32195543497727896,0.3843753662483841
Agathobaculum butyriciproducens,t_plus_2,Abundance,-0.029601744406907382,0.320343520724631,0.39041866588314406
Clostridium sp CAG 242,t_plus_4,Abundance,0.028811778377725316,0.346196396808212,0.4091411962278869
Blautia wexlerae,t_plus_2,Abundance,0.027601329783711,0.35414968391805823,0.42717023730322484
Roseburia inulinivorans,t_plus_2,Abundance,-0.027112233269827167,0.362745863827998,0.4330741435497527
Blautia wexlerae,t_plus_4,Abundance,0.026505346848811277,0.3861848383972316,0.451836260924761
Parabacteroides merdae,t_plus_2,Abundance,0.025852044771060033,0.38548910221991717,0.4555780298962657
Bacteroides dorei,t_plus_2,Abundance,0.025334475616214342,0.3950766196939508,0.46223964504192244
Lactobacillus rogosae,t_plus_4,Abundance,-0.024402987522756027,0.4249855695027318,0.4923100161566299
Anaerotignum lactatifermentans,t_plus_2,Abundance,0.023106721818748482,0.43795973547783995,0.5073394955535373
Anaerotruncus colihominis,t_plus_4,Abundance,0.022912087770324097,0.4538289853805111,0.5205685420541156
Holdemania filiformis,t_plus_2,Abundance,0.022242657009028687,0.45528633385299355,0.5222402064784337
Bacteroides faecis,t_plus_2,Abundance,0.02191756274031027,0.46190370744935616,0.524686735646356
Anaerotignum lactatifermentans,t_plus_4,Abundance,0.021880278433901508,0.47441972036441726,0.5372302337166333
Bacteroides dorei,t_plus_4,Abundance,0.021726194958426093,0.4775379855258962,0.5372302337166333
Bacteroides ovatus,t_plus_4,Abundance,-0.020858198217649664,0.4953114832430583,0.5519185098994078
Anaerotruncus colihominis,t_plus_2,Abundance,0.020224113956647624,0.4972272435889128,0.5593806490375269
Bacteroides xylanisolvens,t_plus_4,Abundance,-0.018262032317867345,0.5505089589433536,0.6076372471355884
Firmicutes bacterium CAG 83,t_plus_2,Abundance,-0.017442563331570276,0.5582278171147479,0.6220252819278619
Eisenbergiella tayi,t_plus_2,Abundance,0.016362800234030774,0.5828492923650235,0.6433336528934693
Lactobacillus rogosae,t_plus_2,Abundance,-0.015938666704306655,0.5926571714029911,0.6480456920948595
Bacteroides stercoris,t_plus_4,Abundance,-0.01593966886626404,0.6023195942735242,0.6586111451402088
Bacteroides xylanisolvens,t_plus_2,Abundance,-0.013662010343384703,0.6465468835926256,0.7004257905586777
Firmicutes bacterium CAG 83,t_plus_4,Abundance,-0.013996550621557854,0.6472825709782997,0.7012227852264913
Oscillibacter sp CAG 241,t_plus_4,Abundance,0.01344078439999634,0.6603926403610361,0.7088618249746901
Bacteroides ovatus,t_plus_2,Abundance,-0.012933270838643532,0.6642141056228423,0.7127934318667288
Eubacterium eligens,t_plus_2,Abundance,-0.012690267334004494,0.6701476709858134,0.7127934318667288
Eisenbergiella tayi,t_plus_4,Abundance,0.012419558900626971,0.6847534707809432,0.7283286916488214
Bacteroides caccae,t_plus_2,Abundance,0.011355497110017609,0.7030985583852472,0.7411038858655308
Oscillibacter sp CAG 241,t_plus_2,Abundance,0.010464056204155543,0.7254243173617995,0.757809331529737
Eubacterium eligens,t_plus_4,Abundance,-0.010607109772912963,0.7287910819572226,0.768185194495451
Sutterella parvirubra,t_plus_4,Abundance,-0.009670090980804642,0.7519246702671285,0.7854927359040539
Bacteroides finegoldii,t_plus_2,Abundance,0.00829720025321024,0.7806386709916203,0.8062388951714266
Bacteroides stercoris,t_plus_2,Abundance,-0.0081061054291943,0.7855661029875438,0.8062388951714266
Bacteroides caccae,t_plus_4,Abundance,0.008514977744868535,0.7807498706954246,0.8083870342598644
Bacteroides faecis,t_plus_4,Abundance,0.008068434572693881,0.7919766975414269,0.8128181895819907
Clostridium lavalense,t_plus_2,Abundance,-0.007480516186189311,0.8017562173630327,0.815699803751955
Clostridium lavalense,t_plus_4,Abundance,0.004838073630214505,0.8743405802057587,0.8895465033397719
Bacteroides finegoldii,t_plus_4,Abundance,0.002510518384062248,0.9345960163630059,0.9426528785730318
Firmicutes bacterium CAG 94,t_plus_2,Abundance,0.002360777609134935,0.9368450908705438,0.9449213416539105
Sutterella parvirubra,t_plus_2,Abundance,-0.0009541857841509815,0.9744515540548546,0.9744515540548546
Clostridium clostridioforme,t_plus_2,Delta,-0.05971359760917942,0.04485837916975038,0.9846038327991452
Dorea longicatena,t_plus_2,Delta,0.05821482767337403,0.05051881894888744,0.9846038327991452
Bifidobacterium pseudocatenulatum,t_plus_2,Delta,0.05389393977512841,0.07026816636843622,0.9846038327991452
Alistipes finegoldii,t_plus_2,Delta,-0.048887147876599577,0.10063159010937776,0.9846038327991452
Roseburia inulinivorans,t_plus_2,Delta,0.04815445201319755,0.10584286249683933,0.9846038327991452
Clostridium bolteae,t_plus_2,Delta,0.04716395057995308,0.11322494964788939,0.9846038327991452
Firmicutes bacterium CAG 83,t_plus_2,Delta,-0.04401188365228085,0.13943361340809995,0.9846038327991452
Ruminococcus lactaris,t_plus_2,Delta,0.04027924218384333,0.17622943598830762,0.9846038327991452
Faecalibacterium prausnitzii,t_plus_2,Delta,0.03972075865629644,0.18230578998050123,0.9846038327991452
Dielma fastidiosa,t_plus_2,Delta,0.03890177179242717,0.19149503659478648,0.9846038327991452
Bacteroides faecis CAG 32,t_plus_2,Delta,0.03751298495862067,0.20784773956822902,0.9846038327991452
Eubacterium ramulus,t_plus_2,Delta,0.037150091585696515,0.21228275006930022,0.9846038327991452
Intestinimonas butyriciproducens,t_plus_2,Delta,-0.03453563480323831,0.24626126763480985,0.9846038327991452
Dorea formicigenerans,t_plus_2,Delta,0.03437483624600136,0.24846877846942594,0.9846038327991452
Clostridium spiroforme,t_plus_2,Delta,0.03361042599025558,0.25915182073518184,0.9846038327991452
Bacteroides vulgatus,t_plus_2,Delta,0.03193535074310654,0.2836609283298194,0.9846038327991452
Ruminococcus bromii,t_plus_2,Delta,-0.030569109164751546,0.3047773911447497,0.9846038327991452
Bilophila wadsworthia,t_plus_2,Delta,-0.029988059466896432,0.31406604053173315,0.9846038327991452
Bacteroides thetaiotaomicron,t_plus_2,Delta,0.029739527208725365,0.3180952659600726,0.9846038327991452
Bifidobacterium longum,t_plus_2,Delta,0.029044691808442095,0.32953864764578944,0.9846038327991452
Firmicutes bacterium CAG 94,t_plus_2,Delta,0.028647019347095747,0.33620634971516994,0.9846038327991452
Anaerotignum lactatifermentans,t_plus_2,Delta,0.027355110266604348,0.35846096180820675,0.9846038327991452
Oscillibacter sp 57 20,t_plus_2,Delta,-0.026656330373137114,0.37087508175294337,0.9846038327991452
Bifidobacterium bifidum,t_plus_2,Delta,0.026153103107401862,0.37997814734883406,0.9846038327991452
Akkermansia muciniphila,t_plus_2,Delta,-0.02604230287761611,0.38200072710170796,0.9846038327991452
Eubacterium hallii,t_plus_2,Delta,0.02515990390767746,0.39834260201716887,0.9846038327991452
Roseburia intestinalis,t_plus_2,Delta,0.025158602975464572,0.3983670013713696,0.9846038327991452
Roseburia hominis,t_plus_2,Delta,0.02487925697032791,0.40362701457867445,0.9846038327991452
Gemmiger formicilis,t_plus_2,Delta,-0.024097109004217913,0.41857396359207955,0.9846038327991452
Dialister invisus,t_plus_2,Delta,0.02372489228376804,0.4257998455512376,0.9846038327991452
Clostridium sp CAG 58,t_plus_2,Delta,-0.023658073569948875,0.4271046584923356,0.9846038327991452
Bacteroides uniformis,t_plus_2,Delta,0.023556167213272406,0.42909912475606604,0.9846038327991452
Veillonella dispar,t_plus_2,Delta,-0.021678947047997763,0.466794716366403,0.9846038327991452
Bacteroides eggerthii,t_plus_2,Delta,0.021203623110367213,0.47662259752780034,0.9846038327991452
Anaerostipes hadrus,t_plus_2,Delta,0.02092690398758351,0.48239580519113423,0.9846038327991452
Eubacterium rectale,t_plus_2,Delta,0.020738794193184897,0.486341919929862,0.9846038327991452
Alistipes indistinctus,t_plus_2,Delta,0.02071773743781599,0.4867847248197754,0.9846038327991452
Bacteroides stercoris,t_plus_2,Delta,0.020399113287020886,0.493511583428613,0.9846038327991452
Bacteroides faecis,t_plus_2,Delta,0.020084729674881268,0.5001973230738544,0.9846038327991452
Ruminococcus torques,t_plus_2,Delta,0.019407369296726925,0.5147636865030729,0.9846038327991452
Coprococcus catus,t_plus_2,Delta,0.01939309656927588,0.5150729665546392,0.9846038327991452
Streptococcus thermophilus,t_plus_2,Delta,0.01929633973594211,0.5171721583529889,0.9846038327991452
Turicimonas muris,t_plus_2,Delta,0.019274899372356574,0.5176379167022764,0.9846038327991452
Clostridium symbiosum,t_plus_2,Delta,0.018936611130805085,0.5250152863236233,0.9846038327991452
Agathobaculum butyriciproducens,t_plus_2,Delta,-0.01880731014387639,0.5278492056722692,0.9846038327991452
Escherichia coli,t_plus_2,Delta,0.0186523741209065,0.5312551997454702,0.9846038327991452
Acidaminococcus intestini,t_plus_2,Delta,0.018484841571606018,0.5349505895018583,0.9846038327991452
Eisenbergiella massiliensis,t_plus_2,Delta,-0.01836962150802006,0.5374995758315964,0.9846038327991452
Clostridium saccharolyticum,t_plus_2,Delta,0.01829318757085818,0.5391938610312932,0.9846038327991452
Butyricimonas synergistica,t_plus_2,Delta,0.016750469600823156,0.5739513336111453,0.9846038327991452
Proteobacteria bacterium CAG 139,t_plus_2,Delta,0.016451200986349335,0.580814630899152,0.9846038327991452
Prevotella copri,t_plus_2,Delta,0.016448348942651844,0.580880222625246,0.9846038327991452
Eubacterium siraeum,t_plus_2,Delta,0.015983932821267845,0.591606819749652,0.9846038327991452
Erysipelatoclostridium ramosum,t_plus_2,Delta,0.015958960760296678,0.5921861640166024,0.9846038327991452
Collinsella intestinalis,t_plus_2,Delta,0.015923180954787643,0.5930166975305221,0.9846038327991452
Blautia obeum,t_plus_2,Delta,0.015877619139754755,0.5940750653650271,0.9846038327991452
Eubacterium ventriosum,t_plus_2,Delta,0.015780107598951324,0.596343081594074,0.9846038327991452
Clostridium citroniae,t_plus_2,Delta,-0.01560996901557053,0.6003097281640146,0.9846038327991452
Eubacterium sp CAG 38,t_plus_2,Delta,-0.015369046376913973,0.6059469353904353,0.9846038327991452
Roseburia faecis,t_plus_2,Delta,-0.01535746307663381,0.6062185614075748,0.9846038327991452
Lachnospira pectinoschiza,t_plus_2,Delta,0.015252717185223436,0.6086772965927608,0.9846038327991452
Bifidobacterium adolescentis,t_plus_2,Delta,0.015188300192412687,0.6101915766008121,0.9846038327991452
Streptococcus salivarius,t_plus_2,Delta,0.014847706131906935,0.6182256789205203,0.9846038327991452
Intestinibacter bartlettii,t_plus_2,Delta,-0.014768119935921514,0.6201096351106228,0.9846038327991452
Haemophilus sp HMSC71H05,t_plus_2,Delta,0.014585026235920678,0.6244532593913718,0.9846038327991452
Parasutterella excrementihominis,t_plus_2,Delta,0.014436903428450353,0.6279768223913007,0.9846038327991452
Clostridium bolteae CAG 59,t_plus_2,Delta,0.014156823593633152,0.634662541174936,0.9846038327991452
Bacteroides finegoldii,t_plus_2,Delta,0.014117416159167853,0.6356056362136768,0.9846038327991452
Bacteroides caccae,t_plus_2,Delta,0.014087213325333362,0.6363288474370287,0.9846038327991452
Clostridium sp CAG 242,t_plus_2,Delta,0.013882923127794235,0.6412296700969868,0.9846038327991452
Streptococcus parasanguinis,t_plus_2,Delta,0.01385880584600141,0.6418092692893078,0.9846038327991452
Coprococcus comes,t_plus_2,Delta,-0.01372003143258975,0.6451485963890858,0.9846038327991452
Alistipes putredinis,t_plus_2,Delta,-0.013589750548241082,0.6482900625802841,0.9846038327991452
Collinsella aerofaciens,t_plus_2,Delta,0.013447953106690485,0.651716345879598,0.9846038327991452
Odoribacter splanchnicus,t_plus_2,Delta,-0.013439939058708507,0.6519102114167762,0.9846038327991452
Monoglobus pectinilyticus,t_plus_2,Delta,-0.01268781674683642,0.6702076140576898,0.9846038327991452
Alistipes shahii,t_plus_2,Delta,-0.012650957000804505,0.6711094819714876,0.9846038327991452
Lawsonibacter asaccharolyticus,t_plus_2,Delta,-0.012495395555707793,0.6749208910418025,0.9846038327991452
Sellimonas intestinalis,t_plus_2,Delta,0.01238525410528509,0.6776245163991574,0.9846038327991452
Phascolarctobacterium faecium,t_plus_2,Delta,0.011963051566347596,0.6880264600551829,0.9846038327991452
Flavonifractor plautii,t_plus_2,Delta,0.01150855922274142,0.6992901436502537,0.9846038327991452
Parabacteroides goldsteinii,t_plus_2,Delta,0.011223880229462814,0.7063793482723917,0.9846038327991452
Ruthenibacterium lactatiformans,t_plus_2,Delta,-0.011077546203785212,0.7100333944232233,0.9846038327991452
Veillonella infantium,t_plus_2,Delta,-0.011019646381002503,0.7114810328925083,0.9846038327991452
Eubacterium eligens,t_plus_2,Delta,0.010156907332165711,0.733172180917398,0.9846038327991452
Bacteroides massiliensis,t_plus_2,Delta,0.009927005090427972,0.7389893569443966,0.9846038327991452
Blautia wexlerae,t_plus_2,Delta,0.009889670003779808,0.739935459837108,0.9846038327991452
Hungatella hathewayi,t_plus_2,Delta,-0.009681291518718169,0.7452231310461984,0.9846038327991452
Veillonella atypica,t_plus_2,Delta,0.009231802760546191,0.7566696605894584,0.9846038327991452
Clostridium leptum,t_plus_2,Delta,0.009203682610406006,0.7573875636916502,0.9846038327991452
Dorea longicatena,t_plus_4,Delta,0.06571378506830254,0.03152583668921115,0.9851086514596926
Bifidobacterium pseudocatenulatum,t_plus_4,Delta,0.058747626424954624,0.05460602736449104,0.9851086514596926
Roseburia inulinivorans,t_plus_4,Delta,0.04966800517256088,0.10425922789497724,0.9851086514596926
Clostridium bolteae,t_plus_4,Delta,0.046466362507097986,0.12858396931017838,0.9851086514596926
Faecalibacterium prausnitzii,t_plus_4,Delta,0.04529077460488663,0.1385476057315729,0.9851086514596926
Eubacterium ramulus,t_plus_4,Delta,0.045254013976362036,0.13886848453995082,0.9851086514596926
Dielma fastidiosa,t_plus_4,Delta,0.0430700926818967,0.15897556126723353,0.9851086514596926
Clostridium clostridioforme,t_plus_4,Delta,-0.04205086210796975,0.1690807624570886,0.9851086514596926
Bifidobacterium bifidum,t_plus_4,Delta,0.04179640479785064,0.17167708166754297,0.9851086514596926
Clostridium spiroforme,t_plus_4,Delta,0.039862608173261406,0.1923891488628845,0.9851086514596926
Bacteroides faecis CAG 32,t_plus_4,Delta,0.039318334976893195,0.19853669078774733,0.9851086514596926
Ruminococcus lactaris,t_plus_4,Delta,0.03818586730171016,0.21178506692123875,0.9851086514596926
Eubacterium hallii,t_plus_4,Delta,0.03696563521338203,0.22676165406854365,0.9851086514596926
Clostridium saccharolyticum,t_plus_4,Delta,0.03681153950401532,0.22870530725292684,0.9851086514596926
Alistipes finegoldii,t_plus_4,Delta,-0.03607799742713959,0.23812005061301453,0.9851086514596926
Anaerotignum lactatifermentans,t_plus_4,Delta,0.03570347959666877,0.24303082814702384,0.9851086514596926
Bacteroides vulgatus,t_plus_4,Delta,0.03444437198226037,0.26006010911629973,0.9851086514596926
Firmicutes bacterium CAG 94,t_plus_4,Delta,0.03434054730074749,0.2615002536464835,0.9851086514596926
Dorea formicigenerans,t_plus_4,Delta,0.03371015087794482,0.27036257031387,0.9851086514596926
Prevotella copri,t_plus_4,Delta,0.03281256828175339,0.2833323646408586,0.9851086514596926
Gemmiger formicilis,t_plus_4,Delta,-0.03224024349229233,0.29181858106047537,0.9851086514596926
Blautia obeum,t_plus_4,Delta,0.03071704149890241,0.31522768187645417,0.9851086514596926
Bifidobacterium longum,t_plus_4,Delta,0.029943607839092803,0.3275731687208129,0.9851086514596926
Bifidobacterium adolescentis,t_plus_4,Delta,0.029070623505623908,0.34187903125576835,0.9851086514596926
Firmicutes bacterium CAG 83,t_plus_4,Delta,-0.028216244241609383,0.3562605264231544,0.9851086514596926
Bilophila wadsworthia,t_plus_4,Delta,-0.02805431375057686,0.3590285771275873,0.9851086514596926
Intestinimonas butyriciproducens,t_plus_4,Delta,-0.026884089012080625,0.37943174136843927,0.9851086514596926
Intestinibacter bartlettii,t_plus_4,Delta,-0.02580290353712078,0.3989020768115633,0.9851086514596926
Bacteroides stercoris,t_plus_4,Delta,0.02523963458147378,0.4092792794478889,0.9851086514596926
Dialister invisus,t_plus_4,Delta,0.02519435052791923,0.4101204633907357,0.9851086514596926
Bacteroides thetaiotaomicron,t_plus_4,Delta,0.024797881825193626,0.41752887192059995,0.9851086514596926
Streptococcus thermophilus,t_plus_4,Delta,0.024784713255634458,0.41777628336790074,0.9851086514596926
Lachnospira pectinoschiza,t_plus_4,Delta,0.024544211019746326,0.4223099979203273,0.9851086514596926
Acidaminococcus intestini,t_plus_4,Delta,0.02437532997653109,0.4255107153584201,0.9851086514596926
Eisenbergiella massiliensis,t_plus_4,Delta,-0.024107665123685045,0.4306124973095553,0.9851086514596926
Butyricimonas synergistica,t_plus_4,Delta,0.02403344538538698,0.43203340229234777,0.9851086514596926
Bacteroides faecis,t_plus_4,Delta,0.023704128572238328,0.4383706566856832,0.9851086514596926
Clostridium symbiosum,t_plus_4,Delta,0.02359239599483996,0.4405328624514947,0.9851086514596926
Clostridium lavalense,t_plus_4,Delta,0.023351161086313153,0.44522191206300465,0.9851086514596926
Akkermansia muciniphila,t_plus_4,Delta,-0.023087862962393634,0.4503720977601601,0.9851086514596926
Oscillibacter sp 57 20,t_plus_4,Delta,-0.022965433364470565,0.45277828624097183,0.9851086514596926
Ruminococcus bromii,t_plus_4,Delta,-0.021908572621114824,0.47384833287264505,0.9851086514596926
Alistipes indistinctus,t_plus_4,Delta,0.021833844896453944,0.47535824181849695,0.9851086514596926
Blautia wexlerae,t_plus_4,Delta,0.02133562750215302,0.48549201678472853,0.9851086514596926
Collinsella intestinalis,t_plus_4,Delta,0.021079265345879648,0.49075158992130885,0.9851086514596926
Eubacterium sp CAG 38,t_plus_4,Delta,-0.02105240556694572,0.4913044144531634,0.9851086514596926
Veillonella atypica,t_plus_4,Delta,0.02059309797424284,0.5008092931285854,0.9851086514596926
Monoglobus pectinilyticus,t_plus_4,Delta,-0.020535192413366002,0.5020144574628864,0.9851086514596926
Sellimonas intestinalis,t_plus_4,Delta,0.019869808429824345,0.5159720613570284,0.9851086514596926
Flavonifractor plautii,t_plus_4,Delta,0.019710662163735,0.5193399767390162,0.9851086514596926
Bacteroides massiliensis,t_plus_4,Delta,0.01936683843234053,0.5266546007809886,0.9851086514596926
Bacteroides eggerthii,t_plus_4,Delta,0.019339123868661476,0.5272464896353393,0.9851086514596926
Clostridium sp CAG 242,t_plus_4,Delta,0.019250685396688807,0.529137498255341,0.9851086514596926
Agathobaculum butyriciproducens,t_plus_4,Delta,-0.01910039470055895,0.5323589271102448,0.9851086514596926
Collinsella aerofaciens,t_plus_4,Delta,0.019097004868483997,0.5324317011639315,0.9851086514596926
Clostridium sp CAG 58,t_plus_4,Delta,-0.018243084677073505,0.5509226524487199,0.9851086514596926
Coprococcus catus,t_plus_4,Delta,0.018137843579253816,0.5532232109238071,0.9851086514596926
Ruminococcus gnavus,t_plus_4,Delta,0.01792991108439705,0.5577823677812921,0.9851086514596926
Eubacterium siraeum,t_plus_4,Delta,0.017660541546545016,0.5637156097083122,0.9851086514596926
Clostridium leptum,t_plus_4,Delta,0.017362241208433726,0.5703213227216692,0.9851086514596926
Proteobacteria bacterium CAG 139,t_plus_4,Delta,0.017272835608577997,0.572308316671795,0.9851086514596926
Clostridium bolteae CAG 59,t_plus_4,Delta,0.01593442346254986,0.602439061953115,0.9851086514596926
Escherichia coli,t_plus_4,Delta,0.015566563145203775,0.6108437678399443,0.9851086514596926
Erysipelatoclostridium ramosum,t_plus_4,Delta,0.015308535379798476,0.6167698669976536,0.9851086514596926
Clostridium citroniae,t_plus_4,Delta,-0.015298409843931946,0.617002931774608,0.9851086514596926
Haemophilus sp HMSC71H05,t_plus_4,Delta,0.015185890864568063,0.619595429155213,0.9851086514596926
Ruminococcus torques,t_plus_4,Delta,0.015064833806721455,0.6223899319016704,0.9851086514596926
Alistipes shahii,t_plus_4,Delta,-0.014964262275852278,0.6247156848374484,0.9851086514596926
Coprococcus comes,t_plus_4,Delta,-0.014572394792889626,0.6338132473737679,0.9851086514596926
Veillonella dispar,t_plus_4,Delta,-0.014010903753920424,0.6469454133739059,0.9851086514596926
Ruthenibacterium lactatiformans,t_plus_4,Delta,-0.013879476935994395,0.6500353469221472,0.9851086514596926
Clostridium innocuum,t_plus_4,Delta,0.013851923560295852,0.6506839104477651,0.9851086514596926
Bacteroides fragilis,t_plus_4,Delta,0.013769893531669481,0.6526163321250066,0.9851086514596926
Roseburia hominis,t_plus_4,Delta,0.013616760065701559,0.6562300008491175,0.9851086514596926
Eubacterium rectale,t_plus_4,Delta,0.013510698374526554,0.6587375852917673,0.9851086514596926
Odoribacter splanchnicus,t_plus_4,Delta,-0.012704475202923778,0.6779225724241186,0.9851086514596926
Streptococcus salivarius,t_plus_4,Delta,0.012533093272738724,0.6820283473459822,0.9851086514596926
Alistipes putredinis,t_plus_4,Delta,-0.012373956775617896,0.6858491986136557,0.9851086514596926
Roseburia intestinalis,t_plus_4,Delta,0.011892263591561288,0.6974632309127984,0.9851086514596926
Anaeromassilibacillus sp An250,t_plus_4,Delta,0.011778171808266376,0.7002246034750597,0.9851086514596926
Bacteroides caccae,t_plus_4,Delta,0.01126296623273466,0.7127430356371309,0.9851086514596926
Parabacteroides goldsteinii,t_plus_4,Delta,0.011079617292129643,0.7172169558140052,0.9851086514596926
Lawsonibacter asaccharolyticus,t_plus_4,Delta,-0.010919161984259197,0.7211402167134481,0.9851086514596926
Streptococcus parasanguinis,t_plus_4,Delta,0.010810208678403547,0.7238084034199761,0.9851086514596926
Bacteroides finegoldii,t_plus_4,Delta,0.010494934757496218,0.7315480293726784,0.9851086514596926
Bacteroides uniformis,t_plus_4,Delta,0.010428896530330054,0.7331726866650099,0.9851086514596926
Haemophilus parainfluenzae,t_plus_4,Delta,0.008271214685297904,0.7868729796766856,0.9851086514596926
Eubacterium ventriosum,t_plus_4,Delta,0.008125578902665784,0.7905375358560407,0.9851086514596926
Hungatella hathewayi,t_plus_4,Delta,-0.008121177982349459,0.7906483463498659,0.9851086514596926
Bacteroides dorei,t_plus_4,Delta,0.007685789727829291,0.8016315055341345,0.9851086514596926
Bacteroides intestinalis,t_plus_4,Delta,-0.007196105526330815,0.8140311789889203,0.9851086514596926
Ruminococcus bicirculans,t_plus_4,Delta,-0.00699368761370677,0.8191705767644527,0.9851086514596926
Bacteroides xylanisolvens,t_plus_4,Delta,-0.006941726453090144,0.8204911341193136,0.9851086514596926
Parabacteroides distasonis,t_plus_4,Delta,-0.006656443265526028,0.8277503722095378,0.9851086514596926
Phascolarctobacterium faecium,t_plus_4,Delta,0.006298674331575384,0.836874801862616,0.9851086514596926
Bacteroides cellulosilyticus,t_plus_4,Delta,0.00628703949007318,0.8371719085716331,0.9851086514596926
Barnesiella intestinihominis,t_plus_4,Delta,0.00598702958247164,0.8448408372365452,0.9851086514596926
Turicimonas muris,t_plus_4,Delta,0.005954005584404302,0.845685916687641,0.9851086514596926
Sutterella parvirubra,t_plus_4,Delta,0.00584828092264309,0.84839258374481,0.9851086514596926
Paraprevotella xylaniphila,t_plus_4,Delta,0.005823033023514253,0.8490392229958514,0.9851086514596926
Lactobacillus rogosae,t_plus_4,Delta,-0.005082486596212764,0.8680491460219275,0.9851086514596926
Veillonella parvula,t_plus_4,Delta,-0.004804393369476206,0.8752081753195943,0.9851086514596926
Blautia sp CAG 257,t_plus_4,Delta,0.003958508154669876,0.8970443877726251,0.9851086514596926
Anaerostipes hadrus,t_plus_4,Delta,0.003864994703553295,0.899463499199707,0.9851086514596926
Parabacteroides merdae,t_plus_4,Delta,0.003643190273404227,0.9052050771321267,0.9851086514596926
Anaerotruncus colihominis,t_plus_4,Delta,-0.0036421401092887884,0.9052322734509881,0.9851086514596926
Eubacterium eligens,t_plus_4,Delta,0.003583555605100109,0.9067496234525414,0.9851086514596926
Veillonella infantium,t_plus_4,Delta,-0.003291043380834372,0.9143307234529023,0.9851086514596926
Holdemania filiformis,t_plus_4,Delta,0.0031591818438093935,0.9177507949496282,0.9851086514596926
Fusicatenibacter saccharivorans,t_plus_4,Delta,0.0020963131848164953,0.9453683620535205,0.986738990863567
Roseburia faecis,t_plus_4,Delta,-0.0020373037304973825,0.9469038950117431,0.986738990863567
Parasutterella excrementihominis,t_plus_4,Delta,0.001976672627404663,0.9484818313343282,0.986738990863567
Butyricimonas virosa,t_plus_4,Delta,0.0012870274105542519,0.9664426830590068,0.986738990863567
Veillonella sp T11011 6,t_plus_4,Delta,-0.0010496268221698612,0.9726298493730916,0.986738990863567
Oscillibacter sp CAG 241,t_plus_4,Delta,0.0010061549122749765,0.9737630093635671,0.986738990863567
Eisenbergiella tayi,t_plus_4,Delta,0.0008319155898288724,0.9783053242749895,0.986738990863567
Eisenbergiella tayi,t_plus_2,Delta,-0.00762156974438574,0.7980980807038043,0.9869801425760305
Veillonella sp T11011 6,t_plus_2,Delta,-0.007027093758948862,0.8135444960185092,0.9869801425760305
Ruminococcus gnavus,t_plus_2,Delta,0.006293993439057573,0.8326923905319187,0.9869801425760305
Fusicatenibacter saccharivorans,t_plus_2,Delta,0.006244378719822986,0.8339920054917358,0.9869801425760305
Clostridium lavalense,t_plus_2,Delta,-0.0054097222942356225,0.8559203006659839,0.9869801425760305
Haemophilus parainfluenzae,t_plus_2,Delta,0.00499694734418706,0.8668071313177508,0.9869801425760305
Holdemania filiformis,t_plus_2,Delta,0.004603452876678267,0.8772090211608328,0.9869801425760305
Paraprevotella xylaniphila,t_plus_2,Delta,0.0042301979122508,0.8870955251613957,0.9869801425760305
Butyricimonas virosa,t_plus_2,Delta,-0.004074002653613301,0.8912380149718866,0.9869801425760305
Parabacteroides merdae,t_plus_2,Delta,-0.003803045993387979,0.8984310898865839,0.9869801425760305
Clostridium innocuum,t_plus_2,Delta,0.0035893470291479784,0.9041100614390524,0.9869801425760305
Bacteroides ovatus,t_plus_2,Delta,0.0035569654920796705,0.9049710237336237,0.9869801425760305
Bacteroides fragilis,t_plus_2,Delta,0.003394803457811892,0.9092842560921406,0.9869801425760305
Anaerotruncus colihominis,t_plus_2,Delta,0.0032305315783526956,0.9136563306675731,0.9869801425760305
Bacteroides intestinalis,t_plus_2,Delta,-0.003098228446623181,0.9171794656688582,0.9869801425760305
Veillonella parvula,t_plus_2,Delta,-0.0030494851787253546,0.9184778762943111,0.9869801425760305
Sutterella parvirubra,t_plus_2,Delta,-0.0028087209869408795,0.9248944098848884,0.9869801425760305
Lactobacillus rogosae,t_plus_2,Delta,0.002805914809443201,0.9249692260680019,0.9869801425760305
Oscillibacter sp CAG 241,t_plus_2,Delta,0.002804238608322745,0.9250139159913611,0.9869801425760305
Bacteroides cellulosilyticus,t_plus_2,Delta,-0.002694881079003854,0.9279300485757551,0.9869801425760305
Firmicutes bacterium CAG 94,t_plus_4,Abundance,-0.0003594108911273177,0.9906263527660295,0.9906263527660295
Ruminococcus bicirculans,t_plus_2,Delta,0.0017839533365007025,0.9522547598732445,0.9961050184072744
Parabacteroides distasonis,t_plus_2,Delta,-0.0013256666035541154,0.9645107427234445,0.9961050184072744
Blautia sp CAG 257,t_plus_2,Delta,-0.00095795310999502,0.974350718064757,0.9961050184072744
Bacteroides dorei,t_plus_2,Delta,0.0006510165022006434,0.9825673597700173,0.9961050184072744
Bacteroides xylanisolvens,t_plus_2,Delta,-0.000464899801309304,0.9875506280630078,0.9961050184072744
Barnesiella intestinihominis,t_plus_2,Delta,0.00021934050681705737,0.994126180375327,0.9961050184072744
Anaeromassilibacillus sp An250,t_plus_2,Delta,0.00014544588926303315,0.9961050184072744,0.9961050184072744
Bacteroides ovatus,t_plus_4,Delta,-6.670740150948761e-05,0.9982601931817238,0.9982601931817238
